timestamp, index, power.draw [W], utilization.gpu [%], memory.used [MiB]
2026/10/07 03:14:57.811,0, 59.52, 0, 4
2026/10/07 03:14:57.811,1, 59.55, 0, 4
2026/10/07 03:14:57.811,2, 59.37, 0, 4
2026/10/07 03:14:57.811,3, 58.97, 0, 4
2026/10/07 03:14:57.811,4, 59.37, 0, 0
2026/10/07 03:14:57.811,5, 59.91, 0, 0
2026/10/07 03:14:57.811,6, 60.00, 0, 0
2026/10/07 03:14:57.811,7, 60.82, 0, 0
2026/10/07 03:14:59.018,0, 59.52, 0, 4
2026/10/07 03:14:59.018,1, 59.55, 0, 4
2026/10/07 03:14:59.018,2, 59.37, 0, 4
2026/10/07 03:14:59.018,3, 58.97, 0, 4
2026/10/07 03:14:59.018,4, 59.37, 0, 0
2026/10/07 03:14:59.018,5, 59.91, 0, 0
2026/10/07 03:14:59.018,6, 60.00, 0, 0
2026/10/07 03:14:59.018,7, 60.82, 0, 0
2026/10/07 03:15:00.230,0, 59.52, 0, 4
2026/10/07 03:15:00.230,1, 59.55, 0, 4
2026/10/07 03:15:00.230,2, 59.31, 0, 4
2026/10/07 03:15:00.230,3, 58.97, 0, 4
2026/10/07 03:15:00.230,4, 59.37, 0, 0
2026/10/07 03:15:00.230,5, 59.91, 0, 0
2026/10/07 03:15:00.230,6, 60.00, 0, 0
2026/10/07 03:15:00.230,7, 60.76, 0, 0
2026/10/07 03:15:01.434,0, 59.46, 0, 4
2026/10/07 03:15:01.434,1, 59.49, 0, 4
2026/10/07 03:15:01.434,2, 59.24, 0, 4
2026/10/07 03:15:01.434,3, 58.91, 0, 4
2026/10/07 03:15:01.434,4, 59.31, 0, 0
2026/10/07 03:15:01.434,5, 59.79, 0, 0
2026/10/07 03:15:01.434,6, 60.00, 0, 0
2026/10/07 03:15:01.434,7, 60.76, 0, 0
2026/10/07 03:15:02.582,0, 59.52, 0, 4
2026/10/07 03:15:02.582,1, 59.49, 0, 4
2026/10/07 03:15:02.582,2, 59.31, 0, 4
2026/10/07 03:15:02.582,3, 58.97, 0, 4
2026/10/07 03:15:02.582,4, 59.31, 0, 0
2026/10/07 03:15:02.582,5, 59.85, 0, 0
2026/10/07 03:15:02.582,6, 60.00, 0, 0
2026/10/07 03:15:02.582,7, 60.76, 0, 0
2026/10/07 03:15:03.734,0, 59.52, 0, 4
2026/10/07 03:15:03.734,1, 60.09, 0, 4
2026/10/07 03:15:03.734,2, 59.31, 0, 4
2026/10/07 03:15:03.734,3, 59.31, 0, 4
2026/10/07 03:15:03.734,4, 59.31, 0, 4
2026/10/07 03:15:03.734,5, 60.47, 0, 4
2026/10/07 03:15:03.734,6, 60.00, 0, 1
2026/10/07 03:15:03.734,7, 60.76, 0, 1
2026/10/07 03:15:06.296,0, 66.01, 2, 425
2026/10/07 03:15:06.296,1, 66.88, 3, 425
2026/10/07 03:15:06.296,2, 66.40, 3, 425
2026/10/07 03:15:06.296,3, 65.46, 1, 425
2026/10/07 03:15:06.296,4, 66.40, 1, 425
2026/10/07 03:15:06.296,5, 66.94, 1, 425
2026/10/07 03:15:06.296,6, 66.48, 2, 425
2026/10/07 03:15:06.296,7, 67.82, 3, 503
2026/10/07 03:15:07.662,0, 65.72, 0, 425
2026/10/07 03:15:07.662,1, 65.72, 0, 503
2026/10/07 03:15:07.662,2, 66.40, 0, 503
2026/10/07 03:15:07.662,3, 65.13, 0, 503
2026/10/07 03:15:07.662,4, 65.79, 0, 503
2026/10/07 03:15:07.662,5, 66.34, 0, 503
2026/10/07 03:15:07.662,6, 66.48, 0, 503
2026/10/07 03:15:07.662,7, 67.21, 0, 503
2026/10/07 03:15:08.813,0, 65.72, 0, 425
2026/10/07 03:15:08.813,1, 65.72, 0, 503
2026/10/07 03:15:08.813,2, 66.07, 0, 503
2026/10/07 03:15:08.813,3, 65.13, 0, 503
2026/10/07 03:15:08.813,4, 66.07, 0, 503
2026/10/07 03:15:08.813,5, 66.34, 0, 503
2026/10/07 03:15:08.813,6, 66.48, 0, 503
2026/10/07 03:15:08.813,7, 67.21, 0, 503
2026/10/07 03:15:09.967,0, 66.01, 0, 425
2026/10/07 03:15:09.967,1, 66.34, 0, 503
2026/10/07 03:15:09.967,2, 66.07, 0, 503
2026/10/07 03:15:09.967,3, 65.13, 0, 503
2026/10/07 03:15:09.967,4, 66.14, 0, 503
2026/10/07 03:15:09.967,5, 66.34, 0, 503
2026/10/07 03:15:09.967,6, 66.48, 0, 503
2026/10/07 03:15:09.967,7, 67.21, 0, 503
2026/10/07 03:15:11.170,0, 66.34, 0, 1007
2026/10/07 03:15:11.170,1, 66.61, 0, 1007
2026/10/07 03:15:11.170,2, 66.40, 0, 1007
2026/10/07 03:15:11.170,3, 65.46, 0, 1007
2026/10/07 03:15:11.170,4, 66.68, 0, 1007
2026/10/07 03:15:11.170,5, 66.94, 0, 1007
2026/10/07 03:15:11.170,6, 66.81, 0, 1007
2026/10/07 03:15:11.170,7, 67.82, 0, 1007
2026/10/07 03:15:12.548,0, 65.72, 0, 1245
2026/10/07 03:15:12.548,1, 65.99, 0, 1245
2026/10/07 03:15:12.548,2, 66.40, 0, 1245
2026/10/07 03:15:12.548,3, 65.13, 0, 1245
2026/10/07 03:15:12.548,4, 66.07, 0, 1245
2026/10/07 03:15:12.548,5, 66.94, 0, 1245
2026/10/07 03:15:12.548,6, 66.41, 0, 1245
2026/10/07 03:15:12.548,7, 67.21, 0, 1245
2026/10/07 03:15:13.751,0, 65.72, 9, 1309
2026/10/07 03:15:13.751,1, 65.99, 9, 1309
2026/10/07 03:15:13.751,2, 66.40, 8, 1309
2026/10/07 03:15:13.751,3, 65.39, 4, 1309
2026/10/07 03:15:13.751,4, 66.07, 10, 1309
2026/10/07 03:15:13.751,5, 66.34, 4, 1309
2026/10/07 03:15:13.751,6, 66.41, 11, 1309
2026/10/07 03:15:13.751,7, 67.54, 7, 1309
2026/10/07 03:15:14.910,0, 67.56, 2, 14713
2026/10/07 03:15:14.910,1, 67.90, 2, 14405
2026/10/07 03:15:14.910,2, 67.01, 2, 13965
2026/10/07 03:15:14.910,3, 66.07, 2, 14245
2026/10/07 03:15:14.910,4, 67.29, 1, 14665
2026/10/07 03:15:14.910,5, 67.23, 2, 14985
2026/10/07 03:15:14.910,6, 67.42, 1, 14485
2026/10/07 03:15:14.910,7, 68.76, 2, 14253
2026/10/07 03:15:16.460,0, 67.23, 2, 31713
2026/10/07 03:15:16.460,1, 67.57, 2, 31645
2026/10/07 03:15:16.460,2, 68.23, 2, 31625
2026/10/07 03:15:16.460,3, 66.07, 2, 31425
2026/10/07 03:15:16.460,4, 66.40, 2, 32225
2026/10/07 03:15:16.460,5, 67.56, 1, 31885
2026/10/07 03:15:16.460,6, 67.42, 2, 32065
2026/10/07 03:15:16.460,7, 68.15, 1, 31273
2026/10/07 03:15:18.026,0, 67.56, 2, 49473
2026/10/07 03:15:18.026,1, 66.06, 1, 50125
2026/10/07 03:15:18.026,2, 68.56, 2, 50845
2026/10/07 03:15:18.026,3, 66.68, 1, 49465
2026/10/07 03:15:18.026,4, 66.40, 2, 50965
2026/10/07 03:15:18.026,5, 66.61, 1, 49765
2026/10/07 03:15:18.026,6, 67.42, 2, 49905
2026/10/07 03:15:18.026,7, 67.82, 1, 48773
2026/10/07 03:15:19.641,0, 67.89, 2, 70853
2026/10/07 03:15:19.641,1, 66.95, 2, 71645
2026/10/07 03:15:19.641,2, 67.29, 2, 71345
2026/10/07 03:15:19.641,3, 66.40, 1, 69965
2026/10/07 03:15:19.641,4, 67.01, 1, 71445
2026/10/07 03:15:19.641,5, 67.23, 1, 70805
2026/10/07 03:15:19.641,6, 67.09, 1, 70145
2026/10/07 03:15:19.641,7, 67.82, 1, 68933
2026/10/07 03:15:21.304,0, 65.72, 0, 74993
2026/10/07 03:15:21.304,1, 76.79, 0, 75065
2026/10/07 03:15:21.304,2, 66.40, 0, 75065
2026/10/07 03:15:21.304,3, 65.06, 0, 75065
2026/10/07 03:15:21.304,4, 66.07, 0, 75065
2026/10/07 03:15:21.304,5, 66.61, 0, 75065
2026/10/07 03:15:21.304,6, 66.41, 0, 75065
2026/10/07 03:15:21.304,7, 67.54, 0, 75073
2026/10/07 03:15:22.684,0, 65.72, 0, 74993
2026/10/07 03:15:22.684,1, 66.06, 0, 75065
2026/10/07 03:15:22.684,2, 66.40, 0, 75065
2026/10/07 03:15:22.684,3, 65.13, 0, 75065
2026/10/07 03:15:22.684,4, 66.07, 0, 75065
2026/10/07 03:15:22.684,5, 66.34, 0, 75065
2026/10/07 03:15:22.684,6, 66.48, 0, 75065
2026/10/07 03:15:22.684,7, 67.54, 0, 75073
2026/10/07 03:15:24.072,0, 65.72, 0, 74993
2026/10/07 03:15:24.072,1, 65.99, 0, 75065
2026/10/07 03:15:24.072,2, 66.07, 0, 75065
2026/10/07 03:15:24.072,3, 65.06, 0, 75065
2026/10/07 03:15:24.072,4, 66.07, 0, 75065
2026/10/07 03:15:24.072,5, 66.61, 0, 75065
2026/10/07 03:15:24.072,6, 66.48, 0, 75065
2026/10/07 03:15:24.072,7, 67.54, 0, 75073
2026/10/07 03:15:25.391,0, 66.01, 0, 74993
2026/10/07 03:15:25.391,1, 66.06, 0, 75065
2026/10/07 03:15:25.391,2, 66.07, 0, 75065
2026/10/07 03:15:25.391,3, 65.13, 0, 75065
2026/10/07 03:15:25.391,4, 66.07, 0, 75065
2026/10/07 03:15:25.391,5, 66.34, 0, 75065
2026/10/07 03:15:25.391,6, 66.48, 0, 75065
2026/10/07 03:15:25.391,7, 67.54, 0, 75073
2026/10/07 03:15:26.747,0, 66.01, 0, 74993
2026/10/07 03:15:26.747,1, 66.34, 0, 75065
2026/10/07 03:15:26.747,2, 65.79, 0, 75065
2026/10/07 03:15:26.747,3, 65.13, 0, 75065
2026/10/07 03:15:26.747,4, 66.07, 0, 75065
2026/10/07 03:15:26.747,5, 66.34, 0, 75065
2026/10/07 03:15:26.747,6, 66.48, 0, 75065
2026/10/07 03:15:26.747,7, 67.54, 0, 75073
2026/10/07 03:15:28.133,0, 66.94, 3, 75361
2026/10/07 03:15:28.133,1, 113.24, 16, 75415
2026/10/07 03:15:28.133,2, 66.40, 18, 75415
2026/10/07 03:15:28.133,3, 70.73, 19, 75415
2026/10/07 03:15:28.133,4, 113.22, 1, 75415
2026/10/07 03:15:28.133,5, 74.04, 21, 75415
2026/10/07 03:15:28.133,6, 93.99, 1, 75415
2026/10/07 03:15:28.133,7, 105.48, 24, 75423
2026/10/07 03:15:29.490,0, 267.30, 100, 75365
2026/10/07 03:15:29.490,1, 89.72, 100, 75415
2026/10/07 03:15:29.490,2, 91.84, 100, 75415
2026/10/07 03:15:29.490,3, 90.63, 100, 75415
2026/10/07 03:15:29.490,4, 91.33, 100, 75415
2026/10/07 03:15:29.490,5, 89.69, 100, 75415
2026/10/07 03:15:29.490,6, 91.23, 100, 75415
2026/10/07 03:15:29.490,7, 94.47, 100, 75423
2026/10/07 03:15:30.784,0, 268.24, 100, 75365
2026/10/07 03:15:30.784,1, 90.05, 100, 75415
2026/10/07 03:15:30.784,2, 91.84, 100, 75415
2026/10/07 03:15:30.784,3, 90.63, 100, 75415
2026/10/07 03:15:30.784,4, 91.33, 100, 75415
2026/10/07 03:15:30.784,5, 89.96, 100, 75415
2026/10/07 03:15:30.784,6, 91.23, 100, 75415
2026/10/07 03:15:30.784,7, 94.47, 100, 75423
2026/10/07 03:15:32.090,0, 268.24, 100, 75365
2026/10/07 03:15:32.090,1, 90.05, 100, 75415
2026/10/07 03:15:32.090,2, 91.84, 100, 75415
2026/10/07 03:15:32.090,3, 90.63, 100, 75415
2026/10/07 03:15:32.090,4, 92.22, 100, 75415
2026/10/07 03:15:32.090,5, 89.96, 100, 75415
2026/10/07 03:15:32.090,6, 91.56, 100, 75415
2026/10/07 03:15:32.090,7, 94.47, 100, 75423
2026/10/07 03:15:33.389,0, 269.18, 100, 75365
2026/10/07 03:15:33.389,1, 90.05, 100, 75415
2026/10/07 03:15:33.389,2, 91.84, 100, 75415
2026/10/07 03:15:33.389,3, 90.63, 100, 75415
2026/10/07 03:15:33.389,4, 92.22, 100, 75415
2026/10/07 03:15:33.389,5, 89.96, 100, 75415
2026/10/07 03:15:33.389,6, 91.56, 100, 75415
2026/10/07 03:15:33.389,7, 94.47, 100, 75423
2026/10/07 03:15:34.696,0, 270.07, 100, 75365
2026/10/07 03:15:34.696,1, 90.05, 100, 75415
2026/10/07 03:15:34.696,2, 91.84, 100, 75415
2026/10/07 03:15:34.696,3, 90.63, 100, 75415
2026/10/07 03:15:34.696,4, 92.22, 100, 75415
2026/10/07 03:15:34.696,5, 90.29, 100, 75415
2026/10/07 03:15:34.696,6, 91.56, 100, 75415
2026/10/07 03:15:34.696,7, 94.74, 100, 75423
2026/10/07 03:15:35.978,0, 270.39, 100, 75365
2026/10/07 03:15:35.978,1, 90.05, 100, 75415
2026/10/07 03:15:35.978,2, 91.84, 100, 75415
2026/10/07 03:15:35.978,3, 90.91, 100, 75415
2026/10/07 03:15:35.978,4, 92.22, 100, 75415
2026/10/07 03:15:35.978,5, 89.96, 100, 75415
2026/10/07 03:15:35.978,6, 91.56, 100, 75415
2026/10/07 03:15:35.978,7, 94.74, 100, 75423
2026/10/07 03:15:37.264,0, 89.87, 100, 75365
2026/10/07 03:15:37.264,1, 269.27, 100, 75415
2026/10/07 03:15:37.264,2, 91.84, 100, 75415
2026/10/07 03:15:37.264,3, 90.91, 100, 75415
2026/10/07 03:15:37.264,4, 91.61, 100, 75415
2026/10/07 03:15:37.264,5, 89.96, 100, 75415
2026/10/07 03:15:37.264,6, 91.56, 100, 75415
2026/10/07 03:15:37.264,7, 94.74, 100, 75423
2026/10/07 03:15:38.572,0, 89.27, 100, 75365
2026/10/07 03:15:38.572,1, 271.44, 100, 75415
2026/10/07 03:15:38.572,2, 92.13, 100, 75415
2026/10/07 03:15:38.572,3, 90.91, 100, 75415
2026/10/07 03:15:38.572,4, 91.61, 100, 75415
2026/10/07 03:15:38.572,5, 89.96, 100, 75415
2026/10/07 03:15:38.572,6, 91.56, 100, 75415
2026/10/07 03:15:38.572,7, 94.74, 100, 75423
2026/10/07 03:15:39.891,0, 88.99, 100, 75365
2026/10/07 03:15:39.891,1, 271.17, 100, 75415
2026/10/07 03:15:39.891,2, 92.13, 100, 75415
2026/10/07 03:15:39.891,3, 90.91, 100, 75415
2026/10/07 03:15:39.891,4, 91.61, 100, 75415
2026/10/07 03:15:39.891,5, 90.29, 100, 75415
2026/10/07 03:15:39.891,6, 91.56, 100, 75415
2026/10/07 03:15:39.891,7, 94.74, 100, 75423
2026/10/07 03:15:41.180,0, 88.99, 100, 75365
2026/10/07 03:15:41.180,1, 276.10, 100, 75415
2026/10/07 03:15:41.180,2, 92.13, 100, 75415
2026/10/07 03:15:41.180,3, 90.91, 100, 75415
2026/10/07 03:15:41.180,4, 91.61, 100, 75415
2026/10/07 03:15:41.180,5, 90.29, 100, 75415
2026/10/07 03:15:41.180,6, 91.56, 100, 75415
2026/10/07 03:15:41.180,7, 94.74, 100, 75423
2026/10/07 03:15:42.468,0, 88.99, 100, 75365
2026/10/07 03:15:42.468,1, 272.38, 100, 75415
2026/10/07 03:15:42.468,2, 92.13, 100, 75415
2026/10/07 03:15:42.468,3, 90.91, 100, 75415
2026/10/07 03:15:42.468,4, 91.61, 100, 75415
2026/10/07 03:15:42.468,5, 90.29, 100, 75415
2026/10/07 03:15:42.468,6, 91.56, 100, 75415
2026/10/07 03:15:42.468,7, 94.74, 100, 75423
2026/10/07 03:15:43.778,0, 88.65, 100, 75365
2026/10/07 03:15:43.778,1, 277.05, 100, 75415
2026/10/07 03:15:43.778,2, 92.13, 100, 75415
2026/10/07 03:15:43.778,3, 90.91, 100, 75415
2026/10/07 03:15:43.778,4, 92.55, 100, 75415
2026/10/07 03:15:43.778,5, 90.29, 100, 75415
2026/10/07 03:15:43.778,6, 91.56, 100, 75415
2026/10/07 03:15:43.778,7, 95.07, 100, 75423
2026/10/07 03:15:45.075,0, 88.65, 100, 75365
2026/10/07 03:15:45.075,1, 277.33, 100, 75415
2026/10/07 03:15:45.075,2, 92.13, 100, 75415
2026/10/07 03:15:45.075,3, 90.91, 100, 75415
2026/10/07 03:15:45.075,4, 92.55, 100, 75415
2026/10/07 03:15:45.075,5, 90.29, 100, 75415
2026/10/07 03:15:45.075,6, 91.85, 100, 75415
2026/10/07 03:15:45.075,7, 95.07, 100, 75423
2026/10/07 03:15:46.365,0, 88.99, 100, 75365
2026/10/07 03:15:46.365,1, 92.50, 100, 75415
2026/10/07 03:15:46.365,2, 277.75, 100, 75415
2026/10/07 03:15:46.365,3, 90.91, 100, 75415
2026/10/07 03:15:46.365,4, 92.55, 100, 75415
2026/10/07 03:15:46.365,5, 90.29, 100, 75415
2026/10/07 03:15:46.365,6, 91.85, 100, 75415
2026/10/07 03:15:46.365,7, 95.07, 100, 75423
2026/10/07 03:15:47.671,0, 88.65, 100, 75365
2026/10/07 03:15:47.671,1, 92.22, 100, 75415
2026/10/07 03:15:47.671,2, 278.69, 100, 75415
2026/10/07 03:15:47.671,3, 90.91, 100, 75415
2026/10/07 03:15:47.671,4, 91.94, 100, 75415
2026/10/07 03:15:47.671,5, 90.29, 100, 75415
2026/10/07 03:15:47.671,6, 91.85, 100, 75415
2026/10/07 03:15:47.671,7, 95.07, 100, 75423
2026/10/07 03:15:48.993,0, 88.65, 100, 75365
2026/10/07 03:15:48.993,1, 92.22, 100, 75415
2026/10/07 03:15:48.993,2, 279.30, 100, 75415
2026/10/07 03:15:48.993,3, 90.91, 100, 75415
2026/10/07 03:15:48.993,4, 91.94, 100, 75415
2026/10/07 03:15:48.993,5, 90.29, 100, 75415
2026/10/07 03:15:48.993,6, 91.85, 100, 75415
2026/10/07 03:15:48.993,7, 94.97, 100, 75423
2026/10/07 03:15:50.311,0, 88.65, 100, 75365
2026/10/07 03:15:50.311,1, 92.22, 100, 75415
2026/10/07 03:15:50.311,2, 279.57, 100, 75415
2026/10/07 03:15:50.311,3, 90.91, 100, 75415
2026/10/07 03:15:50.311,4, 91.94, 100, 75415
2026/10/07 03:15:50.311,5, 90.29, 100, 75415
2026/10/07 03:15:50.311,6, 91.85, 100, 75415
2026/10/07 03:15:50.311,7, 94.97, 100, 75423
2026/10/07 03:15:51.606,0, 88.99, 100, 75365
2026/10/07 03:15:51.606,1, 92.22, 100, 75415
2026/10/07 03:15:51.606,2, 284.55, 100, 75415
2026/10/07 03:15:51.606,3, 91.24, 100, 75415
2026/10/07 03:15:51.606,4, 91.94, 100, 75415
2026/10/07 03:15:51.606,5, 90.63, 100, 75415
2026/10/07 03:15:51.606,6, 91.85, 100, 75415
2026/10/07 03:15:51.606,7, 95.07, 100, 75423
2026/10/07 03:15:52.900,0, 88.65, 100, 75365
2026/10/07 03:15:52.900,1, 92.22, 100, 75415
2026/10/07 03:15:52.900,2, 285.16, 100, 75415
2026/10/07 03:15:52.900,3, 91.24, 100, 75415
2026/10/07 03:15:52.900,4, 91.94, 100, 75415
2026/10/07 03:15:52.900,5, 90.29, 100, 75415
2026/10/07 03:15:52.900,6, 91.85, 100, 75415
2026/10/07 03:15:52.900,7, 95.07, 100, 75423
2026/10/07 03:15:54.194,0, 88.65, 100, 75365
2026/10/07 03:15:54.194,1, 92.22, 100, 75415
2026/10/07 03:15:54.194,2, 94.95, 100, 75415
2026/10/07 03:15:54.194,3, 278.97, 100, 75415
2026/10/07 03:15:54.194,4, 91.94, 100, 75415
2026/10/07 03:15:54.194,5, 90.63, 100, 75415
2026/10/07 03:15:54.194,6, 91.85, 100, 75415
2026/10/07 03:15:54.194,7, 95.07, 100, 75423
2026/10/07 03:15:55.486,0, 88.99, 100, 75365
2026/10/07 03:15:55.486,1, 92.12, 100, 75415
2026/10/07 03:15:55.486,2, 94.28, 100, 75415
2026/10/07 03:15:55.486,3, 280.84, 100, 75415
2026/10/07 03:15:55.486,4, 91.94, 100, 75415
2026/10/07 03:15:55.486,5, 90.63, 100, 75415
2026/10/07 03:15:55.486,6, 91.85, 100, 75415
2026/10/07 03:15:55.486,7, 95.07, 100, 75423
2026/10/07 03:15:56.775,0, 88.99, 100, 75365
2026/10/07 03:15:56.775,1, 92.22, 100, 75415
2026/10/07 03:15:56.775,2, 94.01, 100, 75415
2026/10/07 03:15:56.775,3, 280.51, 100, 75415
2026/10/07 03:15:56.775,4, 91.94, 100, 75415
2026/10/07 03:15:56.775,5, 90.63, 100, 75415
2026/10/07 03:15:56.775,6, 91.85, 100, 75415
2026/10/07 03:15:56.775,7, 95.34, 100, 75423
2026/10/07 03:15:58.095,0, 88.99, 100, 75365
2026/10/07 03:15:58.095,1, 91.89, 100, 75415
2026/10/07 03:15:58.095,2, 94.01, 100, 75415
2026/10/07 03:15:58.095,3, 281.73, 100, 75415
2026/10/07 03:15:58.095,4, 91.94, 100, 75415
2026/10/07 03:15:58.095,5, 90.54, 100, 75415
2026/10/07 03:15:58.095,6, 91.85, 100, 75415
2026/10/07 03:15:58.095,7, 95.34, 100, 75423
2026/10/07 03:15:59.409,0, 88.65, 100, 75365
2026/10/07 03:15:59.409,1, 92.22, 100, 75415
2026/10/07 03:15:59.409,2, 94.01, 100, 75415
2026/10/07 03:15:59.409,3, 282.06, 100, 75415
2026/10/07 03:15:59.409,4, 91.94, 100, 75415
2026/10/07 03:15:59.409,5, 90.63, 100, 75415
2026/10/07 03:15:59.409,6, 91.85, 100, 75415
2026/10/07 03:15:59.409,7, 95.34, 100, 75423
2026/10/07 03:16:00.737,0, 88.99, 100, 75365
2026/10/07 03:16:00.737,1, 92.12, 100, 75415
2026/10/07 03:16:00.737,2, 93.68, 100, 75415
2026/10/07 03:16:00.737,3, 282.67, 100, 75415
2026/10/07 03:16:00.737,4, 91.94, 100, 75415
2026/10/07 03:16:00.737,5, 90.63, 100, 75415
2026/10/07 03:16:00.737,6, 91.85, 100, 75415
2026/10/07 03:16:00.737,7, 95.25, 100, 75423
2026/10/07 03:16:02.029,0, 88.99, 100, 75365
2026/10/07 03:16:02.029,1, 92.22, 100, 75415
2026/10/07 03:16:02.029,2, 93.68, 100, 75415
2026/10/07 03:16:02.029,3, 104.80, 100, 75415
2026/10/07 03:16:02.029,4, 185.24, 98, 75415
2026/10/07 03:16:02.029,5, 90.54, 100, 75415
2026/10/07 03:16:02.029,6, 92.18, 100, 75415
2026/10/07 03:16:02.029,7, 95.25, 100, 75423
2026/10/07 03:16:03.318,0, 88.99, 100, 75365
2026/10/07 03:16:03.318,1, 92.22, 100, 75415
2026/10/07 03:16:03.318,2, 93.68, 100, 75415
2026/10/07 03:16:03.318,3, 94.01, 100, 75415
2026/10/07 03:16:03.318,4, 279.25, 100, 75415
2026/10/07 03:16:03.318,5, 90.54, 100, 75415
2026/10/07 03:16:03.318,6, 92.18, 100, 75415
2026/10/07 03:16:03.318,7, 95.25, 100, 75423
2026/10/07 03:16:04.615,0, 88.65, 100, 75365
2026/10/07 03:16:04.615,1, 92.22, 100, 75415
2026/10/07 03:16:04.615,2, 93.68, 100, 75415
2026/10/07 03:16:04.615,3, 93.68, 100, 75415
2026/10/07 03:16:04.615,4, 279.86, 100, 75415
2026/10/07 03:16:04.615,5, 90.54, 100, 75415
2026/10/07 03:16:04.615,6, 92.18, 100, 75415
2026/10/07 03:16:04.615,7, 95.25, 100, 75423
2026/10/07 03:16:05.924,0, 88.99, 100, 75365
2026/10/07 03:16:05.924,1, 92.22, 100, 75415
2026/10/07 03:16:05.924,2, 93.68, 100, 75415
2026/10/07 03:16:05.924,3, 93.68, 100, 75415
2026/10/07 03:16:05.924,4, 281.13, 100, 75415
2026/10/07 03:16:05.924,5, 90.54, 100, 75415
2026/10/07 03:16:05.924,6, 92.18, 100, 75415
2026/10/07 03:16:05.924,7, 95.25, 100, 75423
2026/10/07 03:16:07.216,0, 88.99, 100, 75365
2026/10/07 03:16:07.216,1, 91.89, 100, 75415
2026/10/07 03:16:07.216,2, 93.68, 100, 75415
2026/10/07 03:16:07.216,3, 93.68, 100, 75415
2026/10/07 03:16:07.216,4, 281.13, 100, 75415
2026/10/07 03:16:07.216,5, 90.54, 100, 75415
2026/10/07 03:16:07.216,6, 92.18, 100, 75415
2026/10/07 03:16:07.216,7, 95.25, 100, 75423
2026/10/07 03:16:08.624,0, 88.99, 100, 75365
2026/10/07 03:16:08.624,1, 91.89, 100, 75415
2026/10/07 03:16:08.624,2, 93.68, 100, 75415
2026/10/07 03:16:08.624,3, 93.40, 100, 75415
2026/10/07 03:16:08.624,4, 282.68, 100, 75415
2026/10/07 03:16:08.624,5, 90.54, 100, 75415
2026/10/07 03:16:08.624,6, 92.18, 100, 75415
2026/10/07 03:16:08.624,7, 95.58, 100, 75423
2026/10/07 03:16:09.916,0, 88.99, 100, 75365
2026/10/07 03:16:09.916,1, 92.22, 100, 75415
2026/10/07 03:16:09.916,2, 93.68, 100, 75415
2026/10/07 03:16:09.916,3, 93.68, 100, 75415
2026/10/07 03:16:09.916,4, 282.02, 100, 75415
2026/10/07 03:16:09.916,5, 90.82, 100, 75415
2026/10/07 03:16:09.916,6, 92.18, 100, 75415
2026/10/07 03:16:09.916,7, 95.58, 100, 75423
2026/10/07 03:16:11.208,0, 88.99, 100, 75365
2026/10/07 03:16:11.208,1, 92.22, 100, 75415
2026/10/07 03:16:11.208,2, 93.68, 100, 75415
2026/10/07 03:16:11.208,3, 93.40, 100, 75415
2026/10/07 03:16:11.208,4, 94.28, 100, 75415
2026/10/07 03:16:11.208,5, 272.88, 100, 75415
2026/10/07 03:16:11.208,6, 92.18, 100, 75415
2026/10/07 03:16:11.208,7, 95.58, 100, 75423
2026/10/07 03:16:12.518,0, 88.99, 100, 75365
2026/10/07 03:16:12.518,1, 92.22, 100, 75415
2026/10/07 03:16:12.518,2, 93.68, 100, 75415
2026/10/07 03:16:12.518,3, 93.40, 100, 75415
2026/10/07 03:16:12.518,4, 94.01, 100, 75415
2026/10/07 03:16:12.518,5, 274.10, 100, 75415
2026/10/07 03:16:12.518,6, 92.18, 100, 75415
2026/10/07 03:16:12.518,7, 95.58, 100, 75423
2026/10/07 03:16:13.815,0, 88.99, 100, 75365
2026/10/07 03:16:13.815,1, 91.89, 100, 75415
2026/10/07 03:16:13.815,2, 93.68, 100, 75415
2026/10/07 03:16:13.815,3, 93.40, 100, 75415
2026/10/07 03:16:13.815,4, 93.68, 100, 75415
2026/10/07 03:16:13.815,5, 279.01, 100, 75415
2026/10/07 03:16:13.815,6, 92.18, 100, 75415
2026/10/07 03:16:13.815,7, 95.58, 100, 75423
2026/10/07 03:16:15.128,0, 88.99, 100, 75365
2026/10/07 03:16:15.128,1, 92.22, 100, 75415
2026/10/07 03:16:15.128,2, 93.68, 100, 75415
2026/10/07 03:16:15.128,3, 93.40, 100, 75415
2026/10/07 03:16:15.128,4, 93.68, 100, 75415
2026/10/07 03:16:15.128,5, 279.62, 100, 75415
2026/10/07 03:16:15.128,6, 92.18, 100, 75415
2026/10/07 03:16:15.128,7, 95.58, 100, 75423
2026/10/07 03:16:16.421,0, 88.99, 100, 75365
2026/10/07 03:16:16.421,1, 92.22, 100, 75415
2026/10/07 03:16:16.421,2, 93.68, 100, 75415
2026/10/07 03:16:16.421,3, 93.40, 100, 75415
2026/10/07 03:16:16.421,4, 93.68, 100, 75415
2026/10/07 03:16:16.421,5, 280.56, 100, 75415
2026/10/07 03:16:16.421,6, 92.18, 100, 75415
2026/10/07 03:16:16.421,7, 95.58, 100, 75423
2026/10/07 03:16:17.740,0, 88.99, 100, 75365
2026/10/07 03:16:17.740,1, 92.22, 100, 75415
2026/10/07 03:16:17.740,2, 93.68, 100, 75415
2026/10/07 03:16:17.740,3, 93.40, 100, 75415
2026/10/07 03:16:17.740,4, 93.40, 100, 75415
2026/10/07 03:16:17.740,5, 280.84, 100, 75415
2026/10/07 03:16:17.740,6, 92.18, 100, 75415
2026/10/07 03:16:17.740,7, 95.58, 100, 75423
2026/10/07 03:16:19.035,0, 88.99, 100, 75365
2026/10/07 03:16:19.035,1, 91.89, 100, 75415
2026/10/07 03:16:19.035,2, 93.68, 100, 75415
2026/10/07 03:16:19.035,3, 93.40, 100, 75415
2026/10/07 03:16:19.035,4, 93.68, 100, 75415
2026/10/07 03:16:19.035,5, 95.46, 100, 75415
2026/10/07 03:16:19.035,6, 272.33, 100, 75415
2026/10/07 03:16:19.035,7, 95.58, 100, 75423
2026/10/07 03:16:20.343,0, 88.99, 100, 75365
2026/10/07 03:16:20.343,1, 92.22, 100, 75415
2026/10/07 03:16:20.343,2, 93.68, 100, 75415
2026/10/07 03:16:20.343,3, 93.40, 100, 75415
2026/10/07 03:16:20.343,4, 93.40, 100, 75415
2026/10/07 03:16:20.343,5, 92.97, 100, 75415
2026/10/07 03:16:20.343,6, 275.36, 100, 75415
2026/10/07 03:16:20.343,7, 95.86, 100, 75423
2026/10/07 03:16:21.640,0, 88.99, 100, 75365
2026/10/07 03:16:21.640,1, 92.22, 100, 75415
2026/10/07 03:16:21.640,2, 93.68, 100, 75415
2026/10/07 03:16:21.640,3, 93.40, 100, 75415
2026/10/07 03:16:21.640,4, 93.40, 100, 75415
2026/10/07 03:16:21.640,5, 92.97, 100, 75415
2026/10/07 03:16:21.640,6, 275.96, 100, 75415
2026/10/07 03:16:21.640,7, 95.58, 100, 75423
2026/10/07 03:16:22.932,0, 88.99, 100, 75365
2026/10/07 03:16:22.932,1, 92.22, 100, 75415
2026/10/07 03:16:22.932,2, 93.68, 100, 75415
2026/10/07 03:16:22.932,3, 93.40, 100, 75415
2026/10/07 03:16:22.932,4, 93.68, 100, 75415
2026/10/07 03:16:22.932,5, 92.69, 100, 75415
2026/10/07 03:16:22.932,6, 276.90, 100, 75415
2026/10/07 03:16:22.932,7, 95.86, 100, 75423
2026/10/07 03:16:24.246,0, 88.99, 100, 75365
2026/10/07 03:16:24.246,1, 92.22, 100, 75415
2026/10/07 03:16:24.246,2, 93.68, 100, 75415
2026/10/07 03:16:24.246,3, 93.40, 100, 75415
2026/10/07 03:16:24.246,4, 93.40, 100, 75415
2026/10/07 03:16:24.246,5, 92.69, 100, 75415
2026/10/07 03:16:24.246,6, 277.51, 100, 75415
2026/10/07 03:16:24.246,7, 95.86, 100, 75423
2026/10/07 03:16:25.536,0, 88.99, 100, 75365
2026/10/07 03:16:25.536,1, 92.22, 100, 75415
2026/10/07 03:16:25.536,2, 93.68, 100, 75415
2026/10/07 03:16:25.536,3, 93.40, 100, 75415
2026/10/07 03:16:25.536,4, 93.40, 100, 75415
2026/10/07 03:16:25.536,5, 92.69, 100, 75415
2026/10/07 03:16:25.536,6, 277.23, 100, 75415
2026/10/07 03:16:25.536,7, 95.86, 100, 75423
2026/10/07 03:16:26.837,0, 88.99, 100, 75365
2026/10/07 03:16:26.837,1, 91.89, 100, 75415
2026/10/07 03:16:26.837,2, 93.68, 100, 75415
2026/10/07 03:16:26.837,3, 93.40, 100, 75415
2026/10/07 03:16:26.837,4, 93.40, 100, 75415
2026/10/07 03:16:26.837,5, 92.69, 100, 75415
2026/10/07 03:16:26.837,6, 278.11, 100, 75415
2026/10/07 03:16:26.837,7, 95.86, 100, 75423
2026/10/07 03:16:28.132,0, 88.99, 100, 75365
2026/10/07 03:16:28.132,1, 92.22, 100, 75415
2026/10/07 03:16:28.132,2, 93.68, 100, 75415
2026/10/07 03:16:28.132,3, 93.40, 100, 75415
2026/10/07 03:16:28.132,4, 93.40, 100, 75415
2026/10/07 03:16:28.132,5, 92.69, 100, 75415
2026/10/07 03:16:28.132,6, 95.54, 100, 75415
2026/10/07 03:16:28.132,7, 285.23, 100, 75423
2026/10/07 03:16:29.455,0, 88.99, 100, 75365
2026/10/07 03:16:29.455,1, 92.22, 100, 75415
2026/10/07 03:16:29.455,2, 93.68, 100, 75415
2026/10/07 03:16:29.455,3, 93.40, 100, 75415
2026/10/07 03:16:29.455,4, 93.40, 100, 75415
2026/10/07 03:16:29.455,5, 92.69, 100, 75415
2026/10/07 03:16:29.455,6, 95.26, 100, 75415
2026/10/07 03:16:29.455,7, 286.44, 100, 75423
2026/10/07 03:16:30.748,0, 88.99, 100, 75365
2026/10/07 03:16:30.748,1, 92.22, 100, 75415
2026/10/07 03:16:30.748,2, 93.68, 100, 75415
2026/10/07 03:16:30.748,3, 93.40, 100, 75415
2026/10/07 03:16:30.748,4, 93.40, 100, 75415
2026/10/07 03:16:30.748,5, 92.69, 100, 75415
2026/10/07 03:16:30.748,6, 94.93, 100, 75415
2026/10/07 03:16:30.748,7, 287.71, 100, 75423
2026/10/07 03:16:32.070,0, 88.99, 100, 75365
2026/10/07 03:16:32.070,1, 91.89, 100, 75415
2026/10/07 03:16:32.070,2, 93.68, 100, 75415
2026/10/07 03:16:32.070,3, 93.40, 100, 75415
2026/10/07 03:16:32.070,4, 93.40, 100, 75415
2026/10/07 03:16:32.070,5, 92.69, 100, 75415
2026/10/07 03:16:32.070,6, 94.93, 100, 75415
2026/10/07 03:16:32.070,7, 287.98, 100, 75423
2026/10/07 03:16:33.376,0, 88.99, 100, 75365
2026/10/07 03:16:33.376,1, 92.22, 100, 75415
2026/10/07 03:16:33.376,2, 93.68, 100, 75415
2026/10/07 03:16:33.376,3, 93.40, 100, 75415
2026/10/07 03:16:33.376,4, 93.40, 100, 75415
2026/10/07 03:16:33.376,5, 92.69, 100, 75415
2026/10/07 03:16:33.376,6, 94.93, 100, 75415
2026/10/07 03:16:33.376,7, 288.58, 100, 75423
2026/10/07 03:16:34.696,0, 88.99, 100, 75365
2026/10/07 03:16:34.696,1, 92.22, 100, 75415
2026/10/07 03:16:34.696,2, 93.68, 100, 75415
2026/10/07 03:16:34.696,3, 93.40, 100, 75415
2026/10/07 03:16:34.696,4, 93.40, 100, 75415
2026/10/07 03:16:34.696,5, 92.36, 100, 75415
2026/10/07 03:16:34.696,6, 94.93, 100, 75415
2026/10/07 03:16:34.696,7, 289.52, 100, 75423
2026/10/07 03:16:36.003,0, 89.08, 100, 75365
2026/10/07 03:16:36.003,1, 91.89, 100, 75415
2026/10/07 03:16:36.003,2, 93.77, 100, 75415
2026/10/07 03:16:36.003,3, 93.50, 100, 75415
2026/10/07 03:16:36.003,4, 94.38, 100, 75415
2026/10/07 03:16:36.003,5, 92.79, 100, 75415
2026/10/07 03:16:36.003,6, 95.03, 100, 75415
2026/10/07 03:16:36.003,7, 100.85, 100, 75423
2026/10/07 03:16:37.296,0, 89.08, 100, 75365
2026/10/07 03:16:37.296,1, 91.89, 100, 75415
2026/10/07 03:16:37.296,2, 93.77, 100, 75415
2026/10/07 03:16:37.296,3, 93.40, 100, 75415
2026/10/07 03:16:37.296,4, 94.10, 100, 75415
2026/10/07 03:16:37.296,5, 92.46, 100, 75415
2026/10/07 03:16:37.296,6, 94.66, 100, 75415
2026/10/07 03:16:37.296,7, 99.64, 100, 75423
2026/10/07 03:16:38.627,0, 89.08, 100, 75365
2026/10/07 03:16:38.627,1, 92.22, 100, 75415
2026/10/07 03:16:38.627,2, 93.77, 100, 75415
2026/10/07 03:16:38.627,3, 93.50, 100, 75415
2026/10/07 03:16:38.627,4, 93.50, 100, 75415
2026/10/07 03:16:38.627,5, 92.46, 100, 75415
2026/10/07 03:16:38.627,6, 94.66, 100, 75415
2026/10/07 03:16:38.627,7, 99.36, 100, 75423
2026/10/07 03:16:39.957,0, 89.08, 100, 75365
2026/10/07 03:16:39.957,1, 92.22, 100, 75415
2026/10/07 03:16:39.957,2, 93.77, 100, 75415
2026/10/07 03:16:39.957,3, 93.40, 100, 75415
2026/10/07 03:16:39.957,4, 93.50, 100, 75415
2026/10/07 03:16:39.957,5, 92.46, 100, 75415
2026/10/07 03:16:39.957,6, 94.66, 100, 75415
2026/10/07 03:16:39.957,7, 99.36, 100, 75423
2026/10/07 03:16:41.268,0, 89.08, 100, 75365
2026/10/07 03:16:41.268,1, 92.22, 100, 75415
2026/10/07 03:16:41.268,2, 93.77, 100, 75415
2026/10/07 03:16:41.268,3, 93.40, 100, 75415
2026/10/07 03:16:41.268,4, 93.50, 100, 75415
2026/10/07 03:16:41.268,5, 92.46, 100, 75415
2026/10/07 03:16:41.268,6, 94.66, 100, 75415
2026/10/07 03:16:41.268,7, 99.36, 100, 75423
2026/10/07 03:16:42.556,0, 89.08, 100, 75365
2026/10/07 03:16:42.556,1, 91.89, 100, 75415
2026/10/07 03:16:42.556,2, 93.77, 100, 75415
2026/10/07 03:16:42.556,3, 93.50, 100, 75415
2026/10/07 03:16:42.556,4, 93.50, 100, 75415
2026/10/07 03:16:42.556,5, 92.46, 100, 75415
2026/10/07 03:16:42.556,6, 94.66, 100, 75415
2026/10/07 03:16:42.556,7, 99.36, 100, 75423
2026/10/07 03:16:43.847,0, 89.08, 100, 75365
2026/10/07 03:16:43.847,1, 91.89, 100, 75415
2026/10/07 03:16:43.847,2, 93.77, 100, 75415
2026/10/07 03:16:43.847,3, 93.50, 100, 75415
2026/10/07 03:16:43.847,4, 93.50, 100, 75415
2026/10/07 03:16:43.847,5, 92.46, 100, 75415
2026/10/07 03:16:43.847,6, 94.76, 100, 75415
2026/10/07 03:16:43.847,7, 99.04, 100, 75423
2026/10/07 03:16:45.150,0, 89.08, 100, 75365
2026/10/07 03:16:45.150,1, 92.22, 100, 75415
2026/10/07 03:16:45.150,2, 93.77, 100, 75415
2026/10/07 03:16:45.150,3, 93.40, 100, 75415
2026/10/07 03:16:45.150,4, 93.50, 100, 75415
2026/10/07 03:16:45.150,5, 92.46, 100, 75415
2026/10/07 03:16:45.150,6, 94.66, 100, 75415
2026/10/07 03:16:45.150,7, 99.36, 100, 75423
2026/10/07 03:16:46.471,0, 89.08, 100, 75365
2026/10/07 03:16:46.471,1, 92.22, 100, 75415
2026/10/07 03:16:46.471,2, 93.77, 100, 75415
2026/10/07 03:16:46.471,3, 93.40, 100, 75415
2026/10/07 03:16:46.471,4, 93.50, 100, 75415
2026/10/07 03:16:46.471,5, 92.46, 100, 75415
2026/10/07 03:16:46.471,6, 94.76, 100, 75415
2026/10/07 03:16:46.471,7, 99.04, 100, 75423
2026/10/07 03:16:47.772,0, 89.08, 100, 75365
2026/10/07 03:16:47.772,1, 92.22, 100, 75415
2026/10/07 03:16:47.772,2, 93.77, 100, 75415
2026/10/07 03:16:47.772,3, 93.40, 100, 75415
2026/10/07 03:16:47.772,4, 93.50, 100, 75415
2026/10/07 03:16:47.772,5, 92.46, 100, 75415
2026/10/07 03:16:47.772,6, 94.76, 100, 75415
2026/10/07 03:16:47.772,7, 99.04, 100, 75423
2026/10/07 03:16:49.085,0, 89.08, 100, 75365
2026/10/07 03:16:49.085,1, 92.22, 100, 75415
2026/10/07 03:16:49.085,2, 93.77, 100, 75415
2026/10/07 03:16:49.085,3, 93.50, 100, 75415
2026/10/07 03:16:49.085,4, 93.50, 100, 75415
2026/10/07 03:16:49.085,5, 92.46, 100, 75415
2026/10/07 03:16:49.085,6, 94.76, 100, 75415
2026/10/07 03:16:49.085,7, 99.04, 100, 75423
2026/10/07 03:16:50.385,0, 89.08, 100, 75365
2026/10/07 03:16:50.385,1, 92.22, 100, 75415
2026/10/07 03:16:50.385,2, 93.77, 100, 75415
2026/10/07 03:16:50.385,3, 93.50, 100, 75415
2026/10/07 03:16:50.385,4, 93.50, 100, 75415
2026/10/07 03:16:50.385,5, 92.46, 100, 75415
2026/10/07 03:16:50.385,6, 94.76, 100, 75415
2026/10/07 03:16:50.385,7, 99.04, 100, 75423
2026/10/07 03:16:51.693,0, 89.08, 100, 75365
2026/10/07 03:16:51.693,1, 92.22, 100, 75415
2026/10/07 03:16:51.693,2, 93.16, 100, 75415
2026/10/07 03:16:51.693,3, 93.50, 100, 75415
2026/10/07 03:16:51.693,4, 93.50, 100, 75415
2026/10/07 03:16:51.693,5, 92.46, 100, 75415
2026/10/07 03:16:51.693,6, 94.76, 100, 75415
2026/10/07 03:16:51.693,7, 99.04, 100, 75423
2026/10/07 03:16:52.994,0, 89.08, 100, 75365
2026/10/07 03:16:52.994,1, 92.22, 100, 75415
2026/10/07 03:16:52.994,2, 93.77, 100, 75415
2026/10/07 03:16:52.994,3, 93.50, 100, 75415
2026/10/07 03:16:52.994,4, 93.50, 100, 75415
2026/10/07 03:16:52.994,5, 92.46, 100, 75415
2026/10/07 03:16:52.994,6, 94.76, 100, 75415
2026/10/07 03:16:52.994,7, 99.04, 100, 75423
2026/10/07 03:16:54.294,0, 89.08, 100, 75365
2026/10/07 03:16:54.294,1, 92.22, 100, 75415
2026/10/07 03:16:54.294,2, 93.16, 100, 75415
2026/10/07 03:16:54.294,3, 93.40, 100, 75415
2026/10/07 03:16:54.294,4, 93.50, 100, 75415
2026/10/07 03:16:54.294,5, 92.46, 100, 75415
2026/10/07 03:16:54.294,6, 94.76, 100, 75415
2026/10/07 03:16:54.294,7, 99.04, 100, 75423
2026/10/07 03:16:55.601,0, 89.08, 100, 75365
2026/10/07 03:16:55.601,1, 91.89, 100, 75415
2026/10/07 03:16:55.601,2, 93.77, 100, 75415
2026/10/07 03:16:55.601,3, 93.50, 100, 75415
2026/10/07 03:16:55.601,4, 93.50, 100, 75415
2026/10/07 03:16:55.601,5, 92.46, 100, 75415
2026/10/07 03:16:55.601,6, 94.66, 100, 75415
2026/10/07 03:16:55.601,7, 99.04, 100, 75423
2026/10/07 03:16:56.900,0, 89.08, 100, 75365
2026/10/07 03:16:56.900,1, 92.22, 100, 75415
2026/10/07 03:16:56.900,2, 93.77, 100, 75415
2026/10/07 03:16:56.900,3, 93.50, 100, 75415
2026/10/07 03:16:56.900,4, 93.50, 100, 75415
2026/10/07 03:16:56.900,5, 92.46, 100, 75415
2026/10/07 03:16:56.900,6, 94.76, 100, 75415
2026/10/07 03:16:56.900,7, 99.04, 100, 75423
2026/10/07 03:16:58.214,0, 89.36, 100, 75365
2026/10/07 03:16:58.214,1, 92.22, 100, 75415
2026/10/07 03:16:58.214,2, 93.77, 100, 75415
2026/10/07 03:16:58.214,3, 93.68, 100, 75415
2026/10/07 03:16:58.214,4, 93.50, 100, 75415
2026/10/07 03:16:58.214,5, 92.46, 100, 75415
2026/10/07 03:16:58.214,6, 94.76, 100, 75415
2026/10/07 03:16:58.214,7, 99.04, 100, 75423
2026/10/07 03:16:59.518,0, 89.08, 100, 75365
2026/10/07 03:16:59.518,1, 92.22, 100, 75415
2026/10/07 03:16:59.518,2, 93.77, 100, 75415
2026/10/07 03:16:59.518,3, 93.77, 100, 75415
2026/10/07 03:16:59.518,4, 93.50, 100, 75415
2026/10/07 03:16:59.518,5, 92.46, 100, 75415
2026/10/07 03:16:59.518,6, 94.66, 100, 75415
2026/10/07 03:16:59.518,7, 99.04, 100, 75423
2026/10/07 03:17:00.833,0, 89.08, 100, 75365
2026/10/07 03:17:00.833,1, 92.22, 100, 75415
2026/10/07 03:17:00.833,2, 93.77, 100, 75415
2026/10/07 03:17:00.833,3, 93.77, 100, 75415
2026/10/07 03:17:00.833,4, 93.50, 100, 75415
2026/10/07 03:17:00.833,5, 92.46, 100, 75415
2026/10/07 03:17:00.833,6, 94.76, 100, 75415
2026/10/07 03:17:00.833,7, 99.04, 100, 75423
2026/10/07 03:17:02.137,0, 89.36, 100, 75365
2026/10/07 03:17:02.137,1, 92.22, 100, 75415
2026/10/07 03:17:02.137,2, 93.77, 100, 75415
2026/10/07 03:17:02.137,3, 93.40, 100, 75415
2026/10/07 03:17:02.137,4, 93.50, 100, 75415
2026/10/07 03:17:02.137,5, 92.46, 100, 75415
2026/10/07 03:17:02.137,6, 94.66, 100, 75415
2026/10/07 03:17:02.137,7, 99.04, 100, 75423
2026/10/07 03:17:03.467,0, 89.36, 100, 75365
2026/10/07 03:17:03.467,1, 92.22, 100, 75415
2026/10/07 03:17:03.467,2, 93.77, 100, 75415
2026/10/07 03:17:03.467,3, 93.68, 100, 75415
2026/10/07 03:17:03.467,4, 93.50, 100, 75415
2026/10/07 03:17:03.467,5, 92.46, 100, 75415
2026/10/07 03:17:03.467,6, 94.76, 100, 75415
2026/10/07 03:17:03.467,7, 99.04, 100, 75423
2026/10/07 03:17:04.763,0, 89.36, 100, 75365
2026/10/07 03:17:04.763,1, 92.22, 100, 75415
2026/10/07 03:17:04.763,2, 93.77, 100, 75415
2026/10/07 03:17:04.763,3, 93.68, 100, 75415
2026/10/07 03:17:04.763,4, 93.50, 100, 75415
2026/10/07 03:17:04.763,5, 92.46, 100, 75415
2026/10/07 03:17:04.763,6, 94.76, 100, 75415
2026/10/07 03:17:04.763,7, 99.04, 100, 75423
2026/10/07 03:17:06.180,0, 89.36, 100, 75365
2026/10/07 03:17:06.180,1, 92.22, 100, 75415
2026/10/07 03:17:06.180,2, 93.77, 100, 75415
2026/10/07 03:17:06.180,3, 93.77, 100, 75415
2026/10/07 03:17:06.180,4, 93.50, 100, 75415
2026/10/07 03:17:06.180,5, 92.46, 100, 75415
2026/10/07 03:17:06.180,6, 94.66, 100, 75415
2026/10/07 03:17:06.180,7, 99.04, 100, 75423
2026/10/07 03:17:07.484,0, 89.36, 100, 75365
2026/10/07 03:17:07.484,1, 92.22, 100, 75415
2026/10/07 03:17:07.484,2, 94.10, 100, 75415
2026/10/07 03:17:07.484,3, 93.50, 100, 75415
2026/10/07 03:17:07.484,4, 93.50, 100, 75415
2026/10/07 03:17:07.484,5, 92.46, 100, 75415
2026/10/07 03:17:07.484,6, 94.76, 100, 75415
2026/10/07 03:17:07.484,7, 99.04, 100, 75423
2026/10/07 03:17:08.780,0, 89.36, 100, 75365
2026/10/07 03:17:08.780,1, 92.22, 100, 75415
2026/10/07 03:17:08.780,2, 93.77, 100, 75415
2026/10/07 03:17:08.780,3, 93.68, 100, 75415
2026/10/07 03:17:08.780,4, 93.50, 100, 75415
2026/10/07 03:17:08.780,5, 92.46, 100, 75415
2026/10/07 03:17:08.780,6, 94.76, 100, 75415
2026/10/07 03:17:08.780,7, 99.04, 100, 75423
2026/10/07 03:17:10.078,0, 89.36, 100, 75365
2026/10/07 03:17:10.078,1, 92.22, 100, 75415
2026/10/07 03:17:10.078,2, 93.77, 100, 75415
2026/10/07 03:17:10.078,3, 93.77, 100, 75415
2026/10/07 03:17:10.078,4, 93.50, 100, 75415
2026/10/07 03:17:10.078,5, 92.46, 100, 75415
2026/10/07 03:17:10.078,6, 94.76, 100, 75415
2026/10/07 03:17:10.078,7, 99.04, 100, 75423
2026/10/07 03:17:11.373,0, 89.36, 100, 75365
2026/10/07 03:17:11.373,1, 92.22, 100, 75415
2026/10/07 03:17:11.373,2, 94.10, 100, 75415
2026/10/07 03:17:11.373,3, 93.77, 100, 75415
2026/10/07 03:17:11.373,4, 94.38, 100, 75415
2026/10/07 03:17:11.373,5, 92.46, 100, 75415
2026/10/07 03:17:11.373,6, 94.76, 100, 75415
2026/10/07 03:17:11.373,7, 99.04, 100, 75423
2026/10/07 03:17:12.678,0, 89.36, 100, 75365
2026/10/07 03:17:12.678,1, 92.22, 100, 75415
2026/10/07 03:17:12.678,2, 93.77, 100, 75415
2026/10/07 03:17:12.678,3, 93.77, 100, 75415
2026/10/07 03:17:12.678,4, 94.38, 100, 75415
2026/10/07 03:17:12.678,5, 92.46, 100, 75415
2026/10/07 03:17:12.678,6, 94.76, 100, 75415
2026/10/07 03:17:12.678,7, 99.04, 100, 75423
2026/10/07 03:17:13.984,0, 89.36, 100, 75365
2026/10/07 03:17:13.984,1, 92.22, 100, 75415
2026/10/07 03:17:13.984,2, 94.10, 100, 75415
2026/10/07 03:17:13.984,3, 93.68, 100, 75415
2026/10/07 03:17:13.984,4, 94.38, 100, 75415
2026/10/07 03:17:13.984,5, 92.46, 100, 75415
2026/10/07 03:17:13.984,6, 94.66, 100, 75415
2026/10/07 03:17:13.984,7, 99.04, 100, 75423
2026/10/07 03:17:15.282,0, 89.36, 100, 75365
2026/10/07 03:17:15.282,1, 92.22, 100, 75415
2026/10/07 03:17:15.282,2, 93.77, 100, 75415
2026/10/07 03:17:15.282,3, 93.68, 100, 75415
2026/10/07 03:17:15.282,4, 93.50, 100, 75415
2026/10/07 03:17:15.282,5, 92.46, 100, 75415
2026/10/07 03:17:15.282,6, 94.76, 100, 75415
2026/10/07 03:17:15.282,7, 99.04, 100, 75423
2026/10/07 03:17:16.592,0, 89.36, 100, 75365
2026/10/07 03:17:16.592,1, 92.22, 100, 75415
2026/10/07 03:17:16.592,2, 94.10, 100, 75415
2026/10/07 03:17:16.592,3, 93.77, 100, 75415
2026/10/07 03:17:16.592,4, 93.50, 100, 75415
2026/10/07 03:17:16.592,5, 92.46, 100, 75415
2026/10/07 03:17:16.592,6, 94.66, 100, 75415
2026/10/07 03:17:16.592,7, 99.04, 100, 75423
2026/10/07 03:17:17.901,0, 89.36, 100, 75365
2026/10/07 03:17:17.901,1, 92.22, 100, 75415
2026/10/07 03:17:17.901,2, 94.10, 100, 75415
2026/10/07 03:17:17.901,3, 93.68, 100, 75415
2026/10/07 03:17:17.901,4, 93.50, 100, 75415
2026/10/07 03:17:17.901,5, 92.46, 100, 75415
2026/10/07 03:17:17.901,6, 94.66, 100, 75415
2026/10/07 03:17:17.901,7, 99.04, 100, 75423
2026/10/07 03:17:19.236,0, 89.36, 100, 75789
2026/10/07 03:17:19.236,1, 92.22, 100, 75837
2026/10/07 03:17:19.236,2, 93.77, 100, 75839
2026/10/07 03:17:19.236,3, 93.68, 100, 75433
2026/10/07 03:17:19.236,4, 93.50, 100, 75415
2026/10/07 03:17:19.236,5, 92.46, 100, 75415
2026/10/07 03:17:19.236,6, 94.66, 100, 75415
2026/10/07 03:17:19.236,7, 99.04, 100, 75423
2026/10/07 03:17:20.725,0, 89.36, 100, 75789
2026/10/07 03:17:20.725,1, 92.22, 100, 75839
2026/10/07 03:17:20.725,2, 93.77, 100, 75839
2026/10/07 03:17:20.725,3, 93.68, 100, 75839
2026/10/07 03:17:20.725,4, 93.50, 100, 75839
2026/10/07 03:17:20.725,5, 92.46, 100, 75839
2026/10/07 03:17:20.725,6, 94.66, 100, 75839
2026/10/07 03:17:20.725,7, 99.04, 100, 75845
2026/10/07 03:17:22.126,0, 90.63, 100, 75365
2026/10/07 03:17:22.126,1, 92.22, 100, 75415
2026/10/07 03:17:22.126,2, 94.10, 100, 75415
2026/10/07 03:17:22.126,3, 93.68, 100, 75415
2026/10/07 03:17:22.126,4, 93.50, 100, 75415
2026/10/07 03:17:22.126,5, 92.46, 100, 75415
2026/10/07 03:17:22.126,6, 94.42, 100, 75415
2026/10/07 03:17:22.126,7, 99.04, 100, 75423
2026/10/07 03:17:23.522,0, 89.36, 100, 75365
2026/10/07 03:17:23.522,1, 92.22, 100, 75415
2026/10/07 03:17:23.522,2, 94.10, 100, 75415
2026/10/07 03:17:23.522,3, 93.77, 100, 75415
2026/10/07 03:17:23.522,4, 93.50, 100, 75415
2026/10/07 03:17:23.522,5, 92.46, 100, 75415
2026/10/07 03:17:23.522,6, 94.66, 100, 75415
2026/10/07 03:17:23.522,7, 99.04, 100, 75423
2026/10/07 03:17:24.816,0, 89.36, 100, 75365
2026/10/07 03:17:24.816,1, 92.22, 100, 75415
2026/10/07 03:17:24.816,2, 94.10, 100, 75415
2026/10/07 03:17:24.816,3, 93.77, 100, 75415
2026/10/07 03:17:24.816,4, 93.50, 100, 75415
2026/10/07 03:17:24.816,5, 92.46, 100, 75415
2026/10/07 03:17:24.816,6, 94.76, 100, 75415
2026/10/07 03:17:24.816,7, 99.04, 100, 75423
2026/10/07 03:17:26.160,0, 89.36, 100, 75365
2026/10/07 03:17:26.160,1, 92.22, 100, 75415
2026/10/07 03:17:26.160,2, 94.10, 100, 75415
2026/10/07 03:17:26.160,3, 93.68, 100, 75415
2026/10/07 03:17:26.160,4, 93.50, 100, 75415
2026/10/07 03:17:26.160,5, 92.79, 100, 75415
2026/10/07 03:17:26.160,6, 94.76, 100, 75415
2026/10/07 03:17:26.160,7, 99.04, 100, 75423
2026/10/07 03:17:27.478,0, 89.36, 100, 75365
2026/10/07 03:17:27.478,1, 92.22, 100, 75415
2026/10/07 03:17:27.478,2, 94.10, 100, 75415
2026/10/07 03:17:27.478,3, 93.77, 100, 75415
2026/10/07 03:17:27.478,4, 93.50, 100, 75415
2026/10/07 03:17:27.478,5, 92.46, 100, 75415
2026/10/07 03:17:27.478,6, 94.66, 100, 75415
2026/10/07 03:17:27.478,7, 99.04, 100, 75423
2026/10/07 03:17:28.792,0, 89.36, 100, 75365
2026/10/07 03:17:28.792,1, 92.22, 100, 75415
2026/10/07 03:17:28.792,2, 94.10, 100, 75415
2026/10/07 03:17:28.792,3, 93.68, 100, 75415
2026/10/07 03:17:28.792,4, 93.50, 100, 75415
2026/10/07 03:17:28.792,5, 92.46, 100, 75415
2026/10/07 03:17:28.792,6, 94.76, 100, 75415
2026/10/07 03:17:28.792,7, 99.04, 100, 75423
2026/10/07 03:17:30.083,0, 89.36, 100, 75365
2026/10/07 03:17:30.083,1, 92.22, 100, 75415
2026/10/07 03:17:30.083,2, 94.10, 100, 75415
2026/10/07 03:17:30.083,3, 93.68, 100, 75415
2026/10/07 03:17:30.083,4, 93.50, 100, 75415
2026/10/07 03:17:30.083,5, 92.46, 100, 75415
2026/10/07 03:17:30.083,6, 94.66, 100, 75415
2026/10/07 03:17:30.083,7, 99.04, 100, 75423
2026/10/07 03:17:31.381,0, 89.36, 100, 75365
2026/10/07 03:17:31.381,1, 92.22, 100, 75415
2026/10/07 03:17:31.381,2, 94.10, 100, 75415
2026/10/07 03:17:31.381,3, 93.77, 100, 75415
2026/10/07 03:17:31.381,4, 93.50, 100, 75415
2026/10/07 03:17:31.381,5, 92.46, 100, 75415
2026/10/07 03:17:31.381,6, 94.66, 100, 75415
2026/10/07 03:17:31.381,7, 99.04, 100, 75423
2026/10/07 03:17:32.681,0, 89.36, 100, 75365
2026/10/07 03:17:32.681,1, 92.22, 100, 75415
2026/10/07 03:17:32.681,2, 94.10, 100, 75415
2026/10/07 03:17:32.681,3, 93.77, 100, 75415
2026/10/07 03:17:32.681,4, 93.50, 100, 75415
2026/10/07 03:17:32.681,5, 92.46, 100, 75415
2026/10/07 03:17:32.681,6, 94.76, 100, 75415
2026/10/07 03:17:32.681,7, 99.04, 100, 75423
2026/10/07 03:17:34.032,0, 89.36, 100, 75365
2026/10/07 03:17:34.032,1, 92.22, 100, 75415
2026/10/07 03:17:34.032,2, 94.10, 100, 75415
2026/10/07 03:17:34.032,3, 93.68, 100, 75415
2026/10/07 03:17:34.032,4, 93.50, 100, 75415
2026/10/07 03:17:34.032,5, 92.46, 100, 75415
2026/10/07 03:17:34.032,6, 94.66, 100, 75415
2026/10/07 03:17:34.032,7, 99.04, 100, 75423
2026/10/07 03:17:35.372,0, 89.36, 100, 75365
2026/10/07 03:17:35.372,1, 92.22, 100, 75415
2026/10/07 03:17:35.372,2, 94.10, 100, 75415
2026/10/07 03:17:35.372,3, 93.77, 100, 75415
2026/10/07 03:17:35.372,4, 93.50, 100, 75415
2026/10/07 03:17:35.372,5, 92.79, 100, 75415
2026/10/07 03:17:35.372,6, 94.76, 100, 75415
2026/10/07 03:17:35.372,7, 98.43, 100, 75423
2026/10/07 03:17:36.675,0, 89.36, 100, 75365
2026/10/07 03:17:36.675,1, 92.22, 100, 75415
2026/10/07 03:17:36.675,2, 94.10, 100, 75415
2026/10/07 03:17:36.675,3, 93.77, 100, 75415
2026/10/07 03:17:36.675,4, 93.50, 100, 75415
2026/10/07 03:17:36.675,5, 92.79, 100, 75415
2026/10/07 03:17:36.675,6, 94.66, 100, 75415
2026/10/07 03:17:36.675,7, 99.04, 100, 75423
2026/10/07 03:17:37.981,0, 89.36, 100, 75365
2026/10/07 03:17:37.981,1, 92.22, 100, 75415
2026/10/07 03:17:37.981,2, 94.10, 100, 75415
2026/10/07 03:17:37.981,3, 93.68, 100, 75415
2026/10/07 03:17:37.981,4, 93.50, 100, 75415
2026/10/07 03:17:37.981,5, 92.79, 100, 75415
2026/10/07 03:17:37.981,6, 94.76, 100, 75415
2026/10/07 03:17:37.981,7, 99.04, 100, 75423
2026/10/07 03:17:39.326,0, 89.36, 100, 75365
2026/10/07 03:17:39.326,1, 92.22, 100, 75415
2026/10/07 03:17:39.326,2, 94.10, 100, 75415
2026/10/07 03:17:39.326,3, 93.68, 100, 75415
2026/10/07 03:17:39.326,4, 93.50, 100, 75415
2026/10/07 03:17:39.326,5, 92.46, 100, 75415
2026/10/07 03:17:39.326,6, 94.76, 100, 75415
2026/10/07 03:17:39.326,7, 99.04, 100, 75423
2026/10/07 03:17:40.631,0, 89.36, 100, 75365
2026/10/07 03:17:40.631,1, 92.22, 100, 75415
2026/10/07 03:17:40.631,2, 94.10, 100, 75415
2026/10/07 03:17:40.631,3, 93.77, 100, 75415
2026/10/07 03:17:40.631,4, 93.50, 100, 75415
2026/10/07 03:17:40.631,5, 92.79, 100, 75415
2026/10/07 03:17:40.631,6, 94.76, 100, 75415
2026/10/07 03:17:40.631,7, 99.04, 100, 75423
2026/10/07 03:17:41.976,0, 89.36, 100, 75365
2026/10/07 03:17:41.976,1, 92.22, 100, 75415
2026/10/07 03:17:41.976,2, 94.10, 100, 75415
2026/10/07 03:17:41.976,3, 93.77, 100, 75415
2026/10/07 03:17:41.976,4, 93.77, 100, 75415
2026/10/07 03:17:41.976,5, 92.46, 100, 75415
2026/10/07 03:17:41.976,6, 94.66, 100, 75415
2026/10/07 03:17:41.976,7, 99.04, 100, 75423
2026/10/07 03:17:43.277,0, 89.36, 100, 75365
2026/10/07 03:17:43.277,1, 92.22, 100, 75415
2026/10/07 03:17:43.277,2, 94.10, 100, 75415
2026/10/07 03:17:43.277,3, 93.77, 100, 75415
2026/10/07 03:17:43.277,4, 93.50, 100, 75415
2026/10/07 03:17:43.277,5, 92.46, 100, 75415
2026/10/07 03:17:43.277,6, 94.76, 100, 75415
2026/10/07 03:17:43.277,7, 99.04, 100, 75423
2026/10/07 03:17:44.636,0, 89.36, 100, 75365
2026/10/07 03:17:44.636,1, 92.22, 100, 75415
2026/10/07 03:17:44.636,2, 94.10, 100, 75415
2026/10/07 03:17:44.636,3, 93.77, 100, 75415
2026/10/07 03:17:44.636,4, 93.50, 100, 75415
2026/10/07 03:17:44.636,5, 92.46, 100, 75415
2026/10/07 03:17:44.636,6, 94.76, 100, 75415
2026/10/07 03:17:44.636,7, 99.04, 100, 75423
2026/10/07 03:17:45.971,0, 89.36, 100, 75365
2026/10/07 03:17:45.971,1, 92.31, 100, 75415
2026/10/07 03:17:45.971,2, 94.10, 100, 75415
2026/10/07 03:17:45.971,3, 93.77, 100, 75415
2026/10/07 03:17:45.971,4, 93.50, 100, 75415
2026/10/07 03:17:45.971,5, 92.46, 100, 75415
2026/10/07 03:17:45.971,6, 94.76, 100, 75415
2026/10/07 03:17:45.971,7, 99.04, 100, 75423
2026/10/07 03:17:47.296,0, 89.36, 100, 75365
2026/10/07 03:17:47.296,1, 92.22, 100, 75415
2026/10/07 03:17:47.296,2, 94.10, 100, 75415
2026/10/07 03:17:47.296,3, 93.77, 100, 75415
2026/10/07 03:17:47.296,4, 93.50, 100, 75415
2026/10/07 03:17:47.296,5, 92.46, 100, 75415
2026/10/07 03:17:47.296,6, 94.42, 100, 75415
2026/10/07 03:17:47.296,7, 98.10, 100, 75423
2026/10/07 03:17:48.614,0, 89.36, 100, 75365
2026/10/07 03:17:48.614,1, 92.22, 100, 75415
2026/10/07 03:17:48.614,2, 94.10, 100, 75415
2026/10/07 03:17:48.614,3, 93.77, 100, 75415
2026/10/07 03:17:48.614,4, 93.50, 100, 75415
2026/10/07 03:17:48.614,5, 92.46, 100, 75415
2026/10/07 03:17:48.614,6, 94.76, 100, 75415
2026/10/07 03:17:48.614,7, 99.04, 100, 75423
2026/10/07 03:17:49.959,0, 89.36, 100, 75365
2026/10/07 03:17:49.959,1, 92.22, 100, 75415
2026/10/07 03:17:49.959,2, 94.10, 100, 75415
2026/10/07 03:17:49.959,3, 93.77, 100, 75415
2026/10/07 03:17:49.959,4, 93.50, 100, 75415
2026/10/07 03:17:49.959,5, 92.46, 100, 75415
2026/10/07 03:17:49.959,6, 94.76, 100, 75415
2026/10/07 03:17:49.959,7, 99.04, 100, 75423
2026/10/07 03:17:51.267,0, 89.36, 100, 75365
2026/10/07 03:17:51.267,1, 92.31, 100, 75415
2026/10/07 03:17:51.267,2, 94.10, 100, 75415
2026/10/07 03:17:51.267,3, 93.77, 100, 75415
2026/10/07 03:17:51.267,4, 93.77, 100, 75415
2026/10/07 03:17:51.267,5, 92.46, 100, 75415
2026/10/07 03:17:51.267,6, 94.76, 100, 75415
2026/10/07 03:17:51.267,7, 99.04, 100, 75423
2026/10/07 03:17:52.588,0, 89.36, 100, 75365
2026/10/07 03:17:52.588,1, 92.22, 100, 75415
2026/10/07 03:17:52.588,2, 94.10, 100, 75415
2026/10/07 03:17:52.588,3, 93.77, 100, 75415
2026/10/07 03:17:52.588,4, 93.50, 100, 75415
2026/10/07 03:17:52.588,5, 92.46, 100, 75415
2026/10/07 03:17:52.588,6, 94.76, 100, 75415
2026/10/07 03:17:52.588,7, 99.04, 100, 75423
2026/10/07 03:17:53.913,0, 89.36, 100, 75365
2026/10/07 03:17:53.913,1, 92.22, 100, 75415
2026/10/07 03:17:53.913,2, 94.10, 100, 75415
2026/10/07 03:17:53.913,3, 93.77, 100, 75415
2026/10/07 03:17:53.913,4, 93.50, 100, 75415
2026/10/07 03:17:53.913,5, 92.79, 100, 75415
2026/10/07 03:17:53.913,6, 94.76, 100, 75415
2026/10/07 03:17:53.913,7, 99.04, 100, 75423
2026/10/07 03:17:55.224,0, 89.36, 100, 75365
2026/10/07 03:17:55.224,1, 92.22, 100, 75415
2026/10/07 03:17:55.224,2, 94.10, 100, 75415
2026/10/07 03:17:55.224,3, 93.77, 100, 75415
2026/10/07 03:17:55.224,4, 93.77, 100, 75415
2026/10/07 03:17:55.224,5, 92.46, 100, 75415
2026/10/07 03:17:55.224,6, 94.76, 100, 75415
2026/10/07 03:17:55.224,7, 99.04, 100, 75423
2026/10/07 03:17:56.542,0, 89.36, 100, 75365
2026/10/07 03:17:56.542,1, 92.31, 100, 75415
2026/10/07 03:17:56.542,2, 94.10, 100, 75415
2026/10/07 03:17:56.542,3, 93.77, 100, 75415
2026/10/07 03:17:56.542,4, 93.50, 100, 75415
2026/10/07 03:17:56.542,5, 92.46, 100, 75415
2026/10/07 03:17:56.542,6, 94.76, 100, 75415
2026/10/07 03:17:56.542,7, 99.04, 100, 75423
2026/10/07 03:17:57.871,0, 89.36, 100, 75365
2026/10/07 03:17:57.871,1, 92.22, 100, 75415
2026/10/07 03:17:57.871,2, 94.10, 100, 75415
2026/10/07 03:17:57.871,3, 93.77, 100, 75415
2026/10/07 03:17:57.871,4, 93.77, 100, 75415
2026/10/07 03:17:57.871,5, 92.79, 100, 75415
2026/10/07 03:17:57.871,6, 94.76, 100, 75415
2026/10/07 03:17:57.871,7, 99.04, 100, 75423
2026/10/07 03:17:59.172,0, 89.36, 100, 75365
2026/10/07 03:17:59.172,1, 92.22, 100, 75415
2026/10/07 03:17:59.172,2, 94.10, 100, 75415
2026/10/07 03:17:59.172,3, 93.77, 100, 75415
2026/10/07 03:17:59.172,4, 93.77, 100, 75415
2026/10/07 03:17:59.172,5, 92.46, 100, 75415
2026/10/07 03:17:59.172,6, 94.76, 100, 75415
2026/10/07 03:17:59.172,7, 99.04, 100, 75423
2026/10/07 03:18:00.506,0, 89.36, 100, 75365
2026/10/07 03:18:00.506,1, 92.22, 100, 75415
2026/10/07 03:18:00.506,2, 94.10, 100, 75415
2026/10/07 03:18:00.506,3, 93.77, 100, 75415
2026/10/07 03:18:00.506,4, 93.77, 100, 75415
2026/10/07 03:18:00.506,5, 92.46, 100, 75415
2026/10/07 03:18:00.506,6, 94.76, 100, 75415
2026/10/07 03:18:00.506,7, 99.04, 100, 75423
2026/10/07 03:18:01.817,0, 89.36, 100, 75365
2026/10/07 03:18:01.817,1, 92.31, 100, 75415
2026/10/07 03:18:01.817,2, 94.10, 100, 75415
2026/10/07 03:18:01.817,3, 93.77, 100, 75415
2026/10/07 03:18:01.817,4, 93.77, 100, 75415
2026/10/07 03:18:01.817,5, 92.79, 100, 75415
2026/10/07 03:18:01.817,6, 94.76, 100, 75415
2026/10/07 03:18:01.817,7, 99.04, 100, 75423
2026/10/07 03:18:03.138,0, 89.36, 100, 75365
2026/10/07 03:18:03.138,1, 92.22, 100, 75415
2026/10/07 03:18:03.138,2, 94.10, 100, 75415
2026/10/07 03:18:03.138,3, 93.77, 100, 75415
2026/10/07 03:18:03.138,4, 93.77, 100, 75415
2026/10/07 03:18:03.138,5, 92.46, 100, 75415
2026/10/07 03:18:03.138,6, 94.76, 100, 75415
2026/10/07 03:18:03.138,7, 99.04, 100, 75423
2026/10/07 03:18:04.467,0, 89.36, 100, 75365
2026/10/07 03:18:04.467,1, 92.22, 100, 75415
2026/10/07 03:18:04.467,2, 94.10, 100, 75415
2026/10/07 03:18:04.467,3, 93.77, 100, 75415
2026/10/07 03:18:04.467,4, 93.77, 100, 75415
2026/10/07 03:18:04.467,5, 92.79, 100, 75415
2026/10/07 03:18:04.467,6, 94.76, 100, 75415
2026/10/07 03:18:04.467,7, 99.04, 100, 75423
2026/10/07 03:18:05.785,0, 89.36, 100, 75365
2026/10/07 03:18:05.785,1, 92.22, 100, 75415
2026/10/07 03:18:05.785,2, 94.10, 100, 75415
2026/10/07 03:18:05.785,3, 93.77, 100, 75415
2026/10/07 03:18:05.785,4, 93.77, 100, 75415
2026/10/07 03:18:05.785,5, 92.79, 100, 75415
2026/10/07 03:18:05.785,6, 94.76, 100, 75415
2026/10/07 03:18:05.785,7, 99.04, 100, 75423
2026/10/07 03:18:07.080,0, 89.36, 100, 75365
2026/10/07 03:18:07.080,1, 92.22, 100, 75415
2026/10/07 03:18:07.080,2, 94.10, 100, 75415
2026/10/07 03:18:07.080,3, 93.77, 100, 75415
2026/10/07 03:18:07.080,4, 93.77, 100, 75415
2026/10/07 03:18:07.080,5, 92.46, 100, 75415
2026/10/07 03:18:07.080,6, 94.76, 100, 75415
2026/10/07 03:18:07.080,7, 99.04, 100, 75423
2026/10/07 03:18:08.408,0, 89.36, 100, 75365
2026/10/07 03:18:08.408,1, 92.22, 100, 75415
2026/10/07 03:18:08.408,2, 93.50, 100, 75415
2026/10/07 03:18:08.408,3, 93.77, 100, 75415
2026/10/07 03:18:08.408,4, 93.77, 100, 75415
2026/10/07 03:18:08.408,5, 92.79, 100, 75415
2026/10/07 03:18:08.408,6, 94.76, 100, 75415
2026/10/07 03:18:08.408,7, 99.04, 100, 75423
2026/10/07 03:18:09.711,0, 89.36, 100, 75365
2026/10/07 03:18:09.711,1, 92.31, 100, 75415
2026/10/07 03:18:09.711,2, 94.10, 100, 75415
2026/10/07 03:18:09.711,3, 93.77, 100, 75415
2026/10/07 03:18:09.711,4, 93.77, 100, 75415
2026/10/07 03:18:09.711,5, 92.79, 100, 75415
2026/10/07 03:18:09.711,6, 94.76, 100, 75415
2026/10/07 03:18:09.711,7, 99.04, 100, 75423
2026/10/07 03:18:11.037,0, 89.36, 100, 75365
2026/10/07 03:18:11.037,1, 92.22, 100, 75415
2026/10/07 03:18:11.037,2, 94.10, 100, 75415
2026/10/07 03:18:11.037,3, 93.77, 100, 75415
2026/10/07 03:18:11.037,4, 93.77, 100, 75415
2026/10/07 03:18:11.037,5, 92.79, 100, 75415
2026/10/07 03:18:11.037,6, 94.76, 100, 75415
2026/10/07 03:18:11.037,7, 99.04, 100, 75423
2026/10/07 03:18:12.355,0, 89.36, 100, 75365
2026/10/07 03:18:12.355,1, 92.22, 100, 75415
2026/10/07 03:18:12.355,2, 94.10, 100, 75415
2026/10/07 03:18:12.355,3, 93.77, 100, 75415
2026/10/07 03:18:12.355,4, 93.77, 100, 75415
2026/10/07 03:18:12.355,5, 92.79, 100, 75415
2026/10/07 03:18:12.355,6, 94.66, 100, 75415
2026/10/07 03:18:12.355,7, 99.04, 100, 75423
2026/10/07 03:18:13.678,0, 89.36, 100, 75365
2026/10/07 03:18:13.678,1, 92.22, 100, 75415
2026/10/07 03:18:13.678,2, 94.10, 100, 75415
2026/10/07 03:18:13.678,3, 93.77, 100, 75415
2026/10/07 03:18:13.678,4, 93.77, 100, 75415
2026/10/07 03:18:13.678,5, 92.79, 100, 75415
2026/10/07 03:18:13.678,6, 94.76, 100, 75415
2026/10/07 03:18:13.678,7, 99.04, 100, 75423
2026/10/07 03:18:15.012,0, 89.36, 100, 75365
2026/10/07 03:18:15.012,1, 92.22, 100, 75415
2026/10/07 03:18:15.012,2, 94.10, 100, 75415
2026/10/07 03:18:15.012,3, 93.77, 100, 75415
2026/10/07 03:18:15.012,4, 93.77, 100, 75415
2026/10/07 03:18:15.012,5, 92.79, 100, 75415
2026/10/07 03:18:15.012,6, 94.76, 100, 75415
2026/10/07 03:18:15.012,7, 98.43, 100, 75423
2026/10/07 03:18:16.324,0, 89.36, 100, 75365
2026/10/07 03:18:16.324,1, 92.22, 100, 75415
2026/10/07 03:18:16.324,2, 94.10, 100, 75415
2026/10/07 03:18:16.324,3, 93.77, 100, 75415
2026/10/07 03:18:16.324,4, 93.77, 100, 75415
2026/10/07 03:18:16.324,5, 92.79, 100, 75415
2026/10/07 03:18:16.324,6, 94.76, 100, 75415
2026/10/07 03:18:16.324,7, 99.36, 100, 75423
2026/10/07 03:18:17.659,0, 89.69, 100, 75365
2026/10/07 03:18:17.659,1, 92.22, 100, 75415
2026/10/07 03:18:17.659,2, 94.10, 100, 75415
2026/10/07 03:18:17.659,3, 93.77, 100, 75415
2026/10/07 03:18:17.659,4, 93.77, 100, 75415
2026/10/07 03:18:17.659,5, 92.79, 100, 75415
2026/10/07 03:18:17.659,6, 94.76, 100, 75415
2026/10/07 03:18:17.659,7, 99.36, 100, 75423
2026/10/07 03:18:18.960,0, 89.69, 100, 75365
2026/10/07 03:18:18.960,1, 92.31, 100, 75415
2026/10/07 03:18:18.960,2, 94.10, 100, 75415
2026/10/07 03:18:18.960,3, 93.77, 100, 75415
2026/10/07 03:18:18.960,4, 93.77, 100, 75415
2026/10/07 03:18:18.960,5, 92.79, 100, 75415
2026/10/07 03:18:18.960,6, 94.76, 100, 75415
2026/10/07 03:18:18.960,7, 99.04, 100, 75423
2026/10/07 03:18:20.282,0, 89.36, 100, 75365
2026/10/07 03:18:20.282,1, 92.22, 100, 75415
2026/10/07 03:18:20.282,2, 94.10, 100, 75415
2026/10/07 03:18:20.282,3, 93.77, 100, 75415
2026/10/07 03:18:20.282,4, 93.77, 100, 75415
2026/10/07 03:18:20.282,5, 92.79, 100, 75415
2026/10/07 03:18:20.282,6, 94.76, 100, 75415
2026/10/07 03:18:20.282,7, 99.36, 100, 75423
2026/10/07 03:18:21.597,0, 89.69, 100, 75365
2026/10/07 03:18:21.597,1, 92.22, 100, 75415
2026/10/07 03:18:21.597,2, 94.10, 100, 75415
2026/10/07 03:18:21.597,3, 93.77, 100, 75415
2026/10/07 03:18:21.597,4, 93.77, 100, 75415
2026/10/07 03:18:21.597,5, 92.79, 100, 75415
2026/10/07 03:18:21.597,6, 94.76, 100, 75415
2026/10/07 03:18:21.597,7, 99.04, 100, 75423
2026/10/07 03:18:22.923,0, 89.69, 100, 75365
2026/10/07 03:18:22.923,1, 92.22, 100, 75415
2026/10/07 03:18:22.923,2, 94.10, 100, 75415
2026/10/07 03:18:22.923,3, 93.77, 100, 75415
2026/10/07 03:18:22.923,4, 93.77, 100, 75415
2026/10/07 03:18:22.923,5, 92.79, 100, 75415
2026/10/07 03:18:22.923,6, 94.76, 100, 75415
2026/10/07 03:18:22.923,7, 99.36, 100, 75423
2026/10/07 03:18:24.234,0, 89.69, 100, 75365
2026/10/07 03:18:24.234,1, 92.22, 100, 75415
2026/10/07 03:18:24.234,2, 94.10, 100, 75415
2026/10/07 03:18:24.234,3, 93.77, 100, 75415
2026/10/07 03:18:24.234,4, 93.77, 100, 75415
2026/10/07 03:18:24.234,5, 92.79, 100, 75415
2026/10/07 03:18:24.234,6, 94.76, 100, 75415
2026/10/07 03:18:24.234,7, 99.36, 100, 75423
2026/10/07 03:18:25.539,0, 89.69, 100, 75365
2026/10/07 03:18:25.539,1, 92.22, 100, 75415
2026/10/07 03:18:25.539,2, 94.10, 100, 75415
2026/10/07 03:18:25.539,3, 93.77, 100, 75415
2026/10/07 03:18:25.539,4, 93.77, 100, 75415
2026/10/07 03:18:25.539,5, 92.79, 100, 75415
2026/10/07 03:18:25.539,6, 94.76, 100, 75415
2026/10/07 03:18:25.539,7, 99.36, 100, 75423
2026/10/07 03:18:26.843,0, 89.69, 100, 75365
2026/10/07 03:18:26.843,1, 92.22, 100, 75415
2026/10/07 03:18:26.843,2, 94.10, 100, 75415
2026/10/07 03:18:26.843,3, 93.77, 100, 75415
2026/10/07 03:18:26.843,4, 93.77, 100, 75415
2026/10/07 03:18:26.843,5, 92.79, 100, 75415
2026/10/07 03:18:26.843,6, 94.76, 100, 75415
2026/10/07 03:18:26.843,7, 98.43, 100, 75423
2026/10/07 03:18:28.260,0, 89.69, 100, 75365
2026/10/07 03:18:28.260,1, 92.31, 100, 75415
2026/10/07 03:18:28.260,2, 94.10, 100, 75415
2026/10/07 03:18:28.260,3, 93.77, 100, 75415
2026/10/07 03:18:28.260,4, 93.77, 100, 75415
2026/10/07 03:18:28.260,5, 92.79, 100, 75415
2026/10/07 03:18:28.260,6, 94.76, 100, 75415
2026/10/07 03:18:28.260,7, 99.36, 100, 75423
2026/10/07 03:18:29.581,0, 89.69, 100, 75365
2026/10/07 03:18:29.581,1, 92.22, 100, 75415
2026/10/07 03:18:29.581,2, 94.10, 100, 75415
2026/10/07 03:18:29.581,3, 93.77, 100, 75415
2026/10/07 03:18:29.581,4, 93.77, 100, 75415
2026/10/07 03:18:29.581,5, 92.79, 100, 75415
2026/10/07 03:18:29.581,6, 94.76, 100, 75415
2026/10/07 03:18:29.581,7, 99.36, 100, 75423
2026/10/07 03:18:30.909,0, 89.69, 100, 75365
2026/10/07 03:18:30.909,1, 92.22, 100, 75415
2026/10/07 03:18:30.909,2, 94.10, 100, 75415
2026/10/07 03:18:30.909,3, 93.77, 100, 75415
2026/10/07 03:18:30.909,4, 93.77, 100, 75415
2026/10/07 03:18:30.909,5, 92.79, 100, 75415
2026/10/07 03:18:30.909,6, 94.76, 100, 75415
2026/10/07 03:18:30.909,7, 99.36, 100, 75423
2026/10/07 03:18:32.231,0, 89.69, 100, 75365
2026/10/07 03:18:32.231,1, 92.22, 100, 75415
2026/10/07 03:18:32.231,2, 94.10, 100, 75415
2026/10/07 03:18:32.231,3, 93.77, 100, 75415
2026/10/07 03:18:32.231,4, 93.77, 100, 75415
2026/10/07 03:18:32.231,5, 92.79, 100, 75415
2026/10/07 03:18:32.231,6, 94.76, 100, 75415
2026/10/07 03:18:32.231,7, 99.36, 100, 75423
2026/10/07 03:18:33.533,0, 89.69, 100, 75365
2026/10/07 03:18:33.533,1, 92.22, 100, 75415
2026/10/07 03:18:33.533,2, 94.10, 100, 75415
2026/10/07 03:18:33.533,3, 93.77, 100, 75415
2026/10/07 03:18:33.533,4, 93.77, 100, 75415
2026/10/07 03:18:33.533,5, 92.79, 100, 75415
2026/10/07 03:18:33.533,6, 94.76, 100, 75415
2026/10/07 03:18:33.533,7, 99.36, 100, 75423
2026/10/07 03:18:34.855,0, 89.69, 100, 75365
2026/10/07 03:18:34.855,1, 92.50, 100, 75415
2026/10/07 03:18:34.855,2, 94.10, 100, 75415
2026/10/07 03:18:34.855,3, 93.77, 100, 75415
2026/10/07 03:18:34.855,4, 93.77, 100, 75415
2026/10/07 03:18:34.855,5, 92.79, 100, 75415
2026/10/07 03:18:34.855,6, 94.76, 100, 75415
2026/10/07 03:18:34.855,7, 99.04, 100, 75423
2026/10/07 03:18:36.165,0, 89.69, 100, 75365
2026/10/07 03:18:36.165,1, 92.31, 100, 75415
2026/10/07 03:18:36.165,2, 94.10, 100, 75415
2026/10/07 03:18:36.165,3, 93.77, 100, 75415
2026/10/07 03:18:36.165,4, 93.77, 100, 75415
2026/10/07 03:18:36.165,5, 92.79, 100, 75415
2026/10/07 03:18:36.165,6, 94.76, 100, 75415
2026/10/07 03:18:36.165,7, 98.43, 100, 75423
2026/10/07 03:18:37.507,0, 89.69, 100, 75365
2026/10/07 03:18:37.507,1, 92.50, 100, 75415
2026/10/07 03:18:37.507,2, 94.10, 100, 75415
2026/10/07 03:18:37.507,3, 94.10, 100, 75415
2026/10/07 03:18:37.507,4, 93.77, 100, 75415
2026/10/07 03:18:37.507,5, 92.79, 100, 75415
2026/10/07 03:18:37.507,6, 94.76, 100, 75415
2026/10/07 03:18:37.507,7, 99.36, 100, 75423
2026/10/07 03:18:38.877,0, 89.69, 100, 75365
2026/10/07 03:18:38.877,1, 92.50, 100, 75415
2026/10/07 03:18:38.877,2, 94.38, 100, 75415
2026/10/07 03:18:38.877,3, 93.77, 100, 75415
2026/10/07 03:18:38.877,4, 93.77, 100, 75415
2026/10/07 03:18:38.877,5, 92.79, 100, 75415
2026/10/07 03:18:38.877,6, 94.76, 100, 75415
2026/10/07 03:18:38.877,7, 99.36, 100, 75423
2026/10/07 03:18:40.198,0, 89.69, 100, 75365
2026/10/07 03:18:40.198,1, 92.22, 100, 75415
2026/10/07 03:18:40.198,2, 94.38, 100, 75415
2026/10/07 03:18:40.198,3, 94.10, 100, 75415
2026/10/07 03:18:40.198,4, 93.77, 100, 75415
2026/10/07 03:18:40.198,5, 92.79, 100, 75415
2026/10/07 03:18:40.198,6, 94.76, 100, 75415
2026/10/07 03:18:40.198,7, 99.36, 100, 75423
2026/10/07 03:18:41.503,0, 89.69, 100, 75365
2026/10/07 03:18:41.503,1, 92.22, 100, 75415
2026/10/07 03:18:41.503,2, 94.10, 100, 75415
2026/10/07 03:18:41.503,3, 93.77, 100, 75415
2026/10/07 03:18:41.503,4, 93.77, 100, 75415
2026/10/07 03:18:41.503,5, 92.79, 100, 75415
2026/10/07 03:18:41.503,6, 94.76, 100, 75415
2026/10/07 03:18:41.503,7, 99.36, 100, 75423
2026/10/07 03:18:42.862,0, 89.69, 100, 75365
2026/10/07 03:18:42.862,1, 92.50, 100, 75415
2026/10/07 03:18:42.862,2, 94.10, 100, 75415
2026/10/07 03:18:42.862,3, 94.10, 100, 75415
2026/10/07 03:18:42.862,4, 93.77, 100, 75415
2026/10/07 03:18:42.862,5, 92.79, 100, 75415
2026/10/07 03:18:42.862,6, 94.76, 100, 75415
2026/10/07 03:18:42.862,7, 99.36, 100, 75423
2026/10/07 03:18:44.195,0, 89.69, 100, 75365
2026/10/07 03:18:44.195,1, 92.22, 100, 75415
2026/10/07 03:18:44.195,2, 94.38, 100, 75415
2026/10/07 03:18:44.195,3, 93.77, 100, 75415
2026/10/07 03:18:44.195,4, 93.77, 100, 75415
2026/10/07 03:18:44.195,5, 92.79, 100, 75415
2026/10/07 03:18:44.195,6, 94.76, 100, 75415
2026/10/07 03:18:44.195,7, 99.36, 100, 75423
2026/10/07 03:18:45.508,0, 89.69, 100, 75365
2026/10/07 03:18:45.508,1, 92.22, 100, 75415
2026/10/07 03:18:45.508,2, 94.38, 100, 75415
2026/10/07 03:18:45.508,3, 94.10, 100, 75415
2026/10/07 03:18:45.508,4, 93.77, 100, 75415
2026/10/07 03:18:45.508,5, 92.79, 100, 75415
2026/10/07 03:18:45.508,6, 94.76, 100, 75415
2026/10/07 03:18:45.508,7, 99.36, 100, 75423
2026/10/07 03:18:46.840,0, 89.69, 100, 75365
2026/10/07 03:18:46.840,1, 92.22, 100, 75415
2026/10/07 03:18:46.840,2, 94.10, 100, 75415
2026/10/07 03:18:46.840,3, 93.77, 100, 75415
2026/10/07 03:18:46.840,4, 93.77, 100, 75415
2026/10/07 03:18:46.840,5, 92.79, 100, 75415
2026/10/07 03:18:46.840,6, 94.76, 100, 75415
2026/10/07 03:18:46.840,7, 99.36, 100, 75423
2026/10/07 03:18:48.152,0, 89.69, 100, 75365
2026/10/07 03:18:48.152,1, 92.50, 100, 75415
2026/10/07 03:18:48.152,2, 94.10, 100, 75415
2026/10/07 03:18:48.152,3, 93.77, 100, 75415
2026/10/07 03:18:48.152,4, 93.77, 100, 75415
2026/10/07 03:18:48.152,5, 92.79, 100, 75415
2026/10/07 03:18:48.152,6, 94.76, 100, 75415
2026/10/07 03:18:48.152,7, 99.36, 100, 75423
2026/10/07 03:18:49.483,0, 89.69, 100, 75365
2026/10/07 03:18:49.483,1, 92.50, 100, 75415
2026/10/07 03:18:49.483,2, 94.38, 100, 75415
2026/10/07 03:18:49.483,3, 94.10, 100, 75415
2026/10/07 03:18:49.483,4, 93.77, 100, 75415
2026/10/07 03:18:49.483,5, 92.79, 100, 75415
2026/10/07 03:18:49.483,6, 94.76, 100, 75415
2026/10/07 03:18:49.483,7, 99.36, 100, 75423
2026/10/07 03:18:50.831,0, 89.60, 100, 75365
2026/10/07 03:18:50.831,1, 92.50, 100, 75415
2026/10/07 03:18:50.831,2, 94.28, 100, 75415
2026/10/07 03:18:50.831,3, 94.01, 100, 75415
2026/10/07 03:18:50.831,4, 93.68, 100, 75415
2026/10/07 03:18:50.831,5, 92.69, 100, 75415
2026/10/07 03:18:50.831,6, 94.66, 100, 75415
2026/10/07 03:18:50.831,7, 295.35, 100, 75423
2026/10/07 03:18:52.142,0, 89.60, 100, 75365
2026/10/07 03:18:52.142,1, 92.50, 100, 75415
2026/10/07 03:18:52.142,2, 94.28, 100, 75415
2026/10/07 03:18:52.142,3, 94.01, 100, 75415
2026/10/07 03:18:52.142,4, 93.68, 100, 75415
2026/10/07 03:18:52.142,5, 92.69, 100, 75415
2026/10/07 03:18:52.142,6, 94.66, 100, 75415
2026/10/07 03:18:52.142,7, 300.57, 100, 75423
2026/10/07 03:18:53.448,0, 89.60, 100, 75365
2026/10/07 03:18:53.448,1, 92.50, 100, 75415
2026/10/07 03:18:53.448,2, 94.28, 100, 75415
2026/10/07 03:18:53.448,3, 94.01, 100, 75415
2026/10/07 03:18:53.448,4, 93.68, 100, 75415
2026/10/07 03:18:53.448,5, 92.69, 100, 75415
2026/10/07 03:18:53.448,6, 94.56, 100, 75415
2026/10/07 03:18:53.448,7, 301.45, 100, 75423
2026/10/07 03:18:54.760,0, 89.60, 100, 75365
2026/10/07 03:18:54.760,1, 92.41, 100, 75415
2026/10/07 03:18:54.760,2, 94.28, 100, 75415
2026/10/07 03:18:54.760,3, 94.01, 100, 75415
2026/10/07 03:18:54.760,4, 93.68, 100, 75415
2026/10/07 03:18:54.760,5, 92.69, 100, 75415
2026/10/07 03:18:54.760,6, 94.66, 100, 75415
2026/10/07 03:18:54.760,7, 302.99, 100, 75423
2026/10/07 03:18:56.067,0, 89.60, 100, 75365
2026/10/07 03:18:56.067,1, 92.41, 100, 75415
2026/10/07 03:18:56.067,2, 94.28, 100, 75415
2026/10/07 03:18:56.067,3, 93.68, 100, 75415
2026/10/07 03:18:56.067,4, 93.68, 100, 75415
2026/10/07 03:18:56.067,5, 92.69, 100, 75415
2026/10/07 03:18:56.067,6, 94.56, 100, 75415
2026/10/07 03:18:56.067,7, 302.99, 100, 75423
2026/10/07 03:18:57.407,0, 89.60, 100, 75365
2026/10/07 03:18:57.407,1, 92.22, 100, 75415
2026/10/07 03:18:57.407,2, 94.01, 100, 75415
2026/10/07 03:18:57.407,3, 93.68, 100, 75415
2026/10/07 03:18:57.407,4, 93.68, 100, 75415
2026/10/07 03:18:57.407,5, 92.36, 100, 75415
2026/10/07 03:18:57.407,6, 94.23, 100, 75415
2026/10/07 03:18:57.407,7, 302.99, 100, 75423
2026/10/07 03:18:58.732,0, 89.27, 100, 75365
2026/10/07 03:18:58.732,1, 91.89, 100, 75415
2026/10/07 03:18:58.732,2, 94.01, 100, 75415
2026/10/07 03:18:58.732,3, 93.40, 100, 75415
2026/10/07 03:18:58.732,4, 93.68, 100, 75415
2026/10/07 03:18:58.732,5, 92.36, 100, 75415
2026/10/07 03:18:58.732,6, 281.53, 100, 75415
2026/10/07 03:18:58.732,7, 102.62, 100, 75511
2026/10/07 03:19:00.054,0, 89.27, 100, 75365
2026/10/07 03:19:00.054,1, 91.89, 100, 75415
2026/10/07 03:19:00.054,2, 94.01, 100, 75415
2026/10/07 03:19:00.054,3, 93.40, 100, 75415
2026/10/07 03:19:00.054,4, 93.40, 100, 75415
2026/10/07 03:19:00.054,5, 92.03, 100, 75415
2026/10/07 03:19:00.054,6, 282.14, 100, 75415
2026/10/07 03:19:00.054,7, 101.41, 100, 75511
2026/10/07 03:19:01.384,0, 89.27, 100, 75365
2026/10/07 03:19:01.384,1, 91.89, 100, 75415
2026/10/07 03:19:01.384,2, 93.68, 100, 75415
2026/10/07 03:19:01.384,3, 93.40, 100, 75415
2026/10/07 03:19:01.384,4, 93.40, 100, 75415
2026/10/07 03:19:01.384,5, 92.03, 100, 75415
2026/10/07 03:19:01.384,6, 282.14, 100, 75415
2026/10/07 03:19:01.384,7, 100.75, 100, 75511
2026/10/07 03:19:02.714,0, 89.27, 100, 75365
2026/10/07 03:19:02.714,1, 91.89, 100, 75415
2026/10/07 03:19:02.714,2, 93.68, 100, 75415
2026/10/07 03:19:02.714,3, 93.06, 100, 75415
2026/10/07 03:19:02.714,4, 93.40, 100, 75415
2026/10/07 03:19:02.714,5, 91.75, 100, 75415
2026/10/07 03:19:02.714,6, 286.44, 100, 75415
2026/10/07 03:19:02.714,7, 100.75, 100, 75511
2026/10/07 03:19:04.046,0, 89.27, 100, 75365
2026/10/07 03:19:04.046,1, 91.61, 100, 75415
2026/10/07 03:19:04.046,2, 93.68, 100, 75415
2026/10/07 03:19:04.046,3, 93.06, 100, 75415
2026/10/07 03:19:04.046,4, 93.40, 100, 75415
2026/10/07 03:19:04.046,5, 91.75, 100, 75415
2026/10/07 03:19:04.046,6, 282.74, 100, 75415
2026/10/07 03:19:04.046,7, 99.54, 100, 75511
2026/10/07 03:19:05.352,0, 88.99, 100, 75365
2026/10/07 03:19:05.352,1, 91.61, 100, 75415
2026/10/07 03:19:05.352,2, 93.68, 100, 75415
2026/10/07 03:19:05.352,3, 93.06, 100, 75415
2026/10/07 03:19:05.352,4, 93.50, 100, 75415
2026/10/07 03:19:05.352,5, 91.75, 100, 75415
2026/10/07 03:19:05.352,6, 284.29, 100, 75415
2026/10/07 03:19:05.352,7, 100.15, 100, 75511
2026/10/07 03:19:06.670,0, 89.08, 100, 75365
2026/10/07 03:19:06.670,1, 91.61, 100, 75415
2026/10/07 03:19:06.670,2, 93.68, 100, 75415
2026/10/07 03:19:06.670,3, 93.06, 100, 75415
2026/10/07 03:19:06.670,4, 93.40, 100, 75415
2026/10/07 03:19:06.670,5, 277.14, 98, 75415
2026/10/07 03:19:06.670,6, 97.08, 87, 75503
2026/10/07 03:19:06.670,7, 99.26, 95, 75511
2026/10/07 03:19:07.990,0, 88.99, 100, 75365
2026/10/07 03:19:07.990,1, 91.61, 100, 75415
2026/10/07 03:19:07.990,2, 93.77, 100, 75415
2026/10/07 03:19:07.990,3, 93.06, 100, 75415
2026/10/07 03:19:07.990,4, 93.50, 100, 75415
2026/10/07 03:19:07.990,5, 284.26, 100, 75415
2026/10/07 03:19:07.990,6, 95.88, 100, 75503
2026/10/07 03:19:07.990,7, 100.15, 100, 75511
2026/10/07 03:19:09.311,0, 88.99, 100, 75365
2026/10/07 03:19:09.311,1, 91.61, 100, 75415
2026/10/07 03:19:09.311,2, 93.68, 100, 75415
2026/10/07 03:19:09.311,3, 93.06, 100, 75415
2026/10/07 03:19:09.311,4, 93.40, 100, 75415
2026/10/07 03:19:09.311,5, 285.75, 100, 75415
2026/10/07 03:19:09.311,6, 95.54, 100, 75503
2026/10/07 03:19:09.311,7, 100.15, 100, 75511
2026/10/07 03:19:10.656,0, 88.99, 100, 75365
2026/10/07 03:19:10.656,1, 91.61, 100, 75415
2026/10/07 03:19:10.656,2, 93.68, 100, 75415
2026/10/07 03:19:10.656,3, 93.06, 100, 75415
2026/10/07 03:19:10.656,4, 93.40, 100, 75415
2026/10/07 03:19:10.656,5, 286.05, 100, 75415
2026/10/07 03:19:10.656,6, 95.26, 100, 75503
2026/10/07 03:19:10.656,7, 99.87, 100, 75511
2026/10/07 03:19:11.985,0, 88.99, 100, 75365
2026/10/07 03:19:11.985,1, 91.61, 100, 75415
2026/10/07 03:19:11.985,2, 93.68, 100, 75415
2026/10/07 03:19:11.985,3, 93.06, 100, 75415
2026/10/07 03:19:11.985,4, 93.40, 100, 75415
2026/10/07 03:19:11.985,5, 286.42, 100, 75415
2026/10/07 03:19:11.985,6, 95.26, 100, 75503
2026/10/07 03:19:11.985,7, 100.15, 100, 75511
2026/10/07 03:19:13.311,0, 89.08, 100, 75365
2026/10/07 03:19:13.311,1, 91.61, 100, 75415
2026/10/07 03:19:13.311,2, 93.68, 100, 75415
2026/10/07 03:19:13.311,3, 93.06, 100, 75415
2026/10/07 03:19:13.311,4, 93.16, 100, 75415
2026/10/07 03:19:13.311,5, 287.63, 100, 75415
2026/10/07 03:19:13.311,6, 95.26, 100, 75503
2026/10/07 03:19:13.311,7, 99.26, 100, 75511
2026/10/07 03:19:14.632,0, 88.99, 100, 75365
2026/10/07 03:19:14.632,1, 91.61, 100, 75415
2026/10/07 03:19:14.632,2, 93.68, 100, 75415
2026/10/07 03:19:14.632,3, 93.06, 100, 75415
2026/10/07 03:19:14.632,4, 93.40, 100, 75415
2026/10/07 03:19:14.632,5, 287.91, 100, 75415
2026/10/07 03:19:14.632,6, 95.26, 100, 75503
2026/10/07 03:19:14.632,7, 99.87, 100, 75511
2026/10/07 03:19:15.938,0, 88.99, 100, 75365
2026/10/07 03:19:15.938,1, 91.61, 100, 75415
2026/10/07 03:19:15.938,2, 93.68, 100, 75415
2026/10/07 03:19:15.938,3, 93.06, 100, 75415
2026/10/07 03:19:15.938,4, 287.28, 100, 75415
2026/10/07 03:19:15.938,5, 95.13, 100, 75503
2026/10/07 03:19:15.938,6, 95.26, 100, 75503
2026/10/07 03:19:15.938,7, 98.93, 100, 75511
2026/10/07 03:19:17.248,0, 88.99, 100, 75365
2026/10/07 03:19:17.248,1, 91.61, 100, 75415
2026/10/07 03:19:17.248,2, 93.68, 100, 75415
2026/10/07 03:19:17.248,3, 93.06, 100, 75415
2026/10/07 03:19:17.248,4, 287.28, 100, 75415
2026/10/07 03:19:17.248,5, 93.91, 100, 75503
2026/10/07 03:19:17.248,6, 95.26, 100, 75503
2026/10/07 03:19:17.248,7, 99.87, 100, 75511
2026/10/07 03:19:18.606,0, 88.99, 100, 75365
2026/10/07 03:19:18.606,1, 91.61, 100, 75415
2026/10/07 03:19:18.606,2, 93.68, 100, 75415
2026/10/07 03:19:18.606,3, 93.06, 100, 75415
2026/10/07 03:19:18.606,4, 287.89, 100, 75415
2026/10/07 03:19:18.606,5, 93.58, 100, 75503
2026/10/07 03:19:18.606,6, 95.26, 100, 75503
2026/10/07 03:19:18.606,7, 99.87, 100, 75511
2026/10/07 03:19:19.942,0, 88.99, 100, 75365
2026/10/07 03:19:19.942,1, 91.89, 100, 75415
2026/10/07 03:19:19.942,2, 93.68, 100, 75415
2026/10/07 03:19:19.942,3, 93.06, 100, 75415
2026/10/07 03:19:19.942,4, 289.77, 100, 75415
2026/10/07 03:19:19.942,5, 93.58, 100, 75503
2026/10/07 03:19:19.942,6, 95.26, 100, 75503
2026/10/07 03:19:19.942,7, 99.87, 100, 75511
2026/10/07 03:19:21.308,0, 89.27, 100, 75365
2026/10/07 03:19:21.308,1, 91.61, 100, 75415
2026/10/07 03:19:21.308,2, 93.68, 100, 75415
2026/10/07 03:19:21.308,3, 93.06, 100, 75415
2026/10/07 03:19:21.308,4, 294.36, 100, 75415
2026/10/07 03:19:21.308,5, 93.58, 100, 75503
2026/10/07 03:19:21.308,6, 95.26, 100, 75503
2026/10/07 03:19:21.308,7, 99.87, 100, 75511
2026/10/07 03:19:22.669,0, 88.99, 100, 75365
2026/10/07 03:19:22.669,1, 91.89, 100, 75415
2026/10/07 03:19:22.669,2, 93.68, 100, 75415
2026/10/07 03:19:22.669,3, 93.06, 100, 75415
2026/10/07 03:19:22.669,4, 294.70, 100, 75415
2026/10/07 03:19:22.669,5, 93.58, 100, 75503
2026/10/07 03:19:22.669,6, 95.26, 100, 75503
2026/10/07 03:19:22.669,7, 99.87, 100, 75511
2026/10/07 03:19:23.979,0, 89.27, 100, 75365
2026/10/07 03:19:23.979,1, 91.79, 100, 75415
2026/10/07 03:19:23.979,2, 93.68, 100, 75415
2026/10/07 03:19:23.979,3, 287.59, 100, 75415
2026/10/07 03:19:23.979,4, 96.27, 100, 75503
2026/10/07 03:19:23.979,5, 93.68, 100, 75503
2026/10/07 03:19:23.979,6, 94.93, 100, 75503
2026/10/07 03:19:23.979,7, 99.87, 100, 75511
2026/10/07 03:19:25.325,0, 89.27, 100, 75365
2026/10/07 03:19:25.325,1, 91.79, 100, 75415
2026/10/07 03:19:25.325,2, 93.68, 100, 75415
2026/10/07 03:19:25.325,3, 288.20, 100, 75415
2026/10/07 03:19:25.325,4, 95.65, 100, 75503
2026/10/07 03:19:25.325,5, 93.40, 100, 75503
2026/10/07 03:19:25.325,6, 94.93, 100, 75503
2026/10/07 03:19:25.325,7, 98.93, 100, 75511
2026/10/07 03:19:26.654,0, 89.27, 100, 75365
2026/10/07 03:19:26.654,1, 91.89, 100, 75415
2026/10/07 03:19:26.654,2, 93.68, 100, 75415
2026/10/07 03:19:26.654,3, 288.86, 100, 75415
2026/10/07 03:19:26.654,4, 95.32, 100, 75503
2026/10/07 03:19:26.654,5, 93.40, 100, 75503
2026/10/07 03:19:26.654,6, 94.93, 100, 75503
2026/10/07 03:19:26.654,7, 99.87, 100, 75511
2026/10/07 03:19:27.960,0, 89.27, 100, 75365
2026/10/07 03:19:27.960,1, 91.89, 100, 75415
2026/10/07 03:19:27.960,2, 93.68, 100, 75415
2026/10/07 03:19:27.960,3, 289.75, 100, 75415
2026/10/07 03:19:27.960,4, 95.32, 100, 75503
2026/10/07 03:19:27.960,5, 93.68, 100, 75503
2026/10/07 03:19:27.960,6, 94.93, 100, 75503
2026/10/07 03:19:27.960,7, 99.97, 100, 75511
2026/10/07 03:19:29.276,0, 89.27, 100, 75365
2026/10/07 03:19:29.276,1, 91.79, 100, 75415
2026/10/07 03:19:29.276,2, 93.68, 100, 75415
2026/10/07 03:19:29.276,3, 290.36, 100, 75415
2026/10/07 03:19:29.276,4, 95.05, 100, 75503
2026/10/07 03:19:29.276,5, 93.58, 100, 75503
2026/10/07 03:19:29.276,6, 94.93, 100, 75503
2026/10/07 03:19:29.276,7, 98.93, 100, 75511
2026/10/07 03:19:30.613,0, 89.27, 100, 75365
2026/10/07 03:19:30.613,1, 91.89, 100, 75415
2026/10/07 03:19:30.613,2, 93.68, 100, 75415
2026/10/07 03:19:30.613,3, 290.36, 100, 75415
2026/10/07 03:19:30.613,4, 95.05, 100, 75503
2026/10/07 03:19:30.613,5, 93.40, 100, 75503
2026/10/07 03:19:30.613,6, 94.93, 100, 75503
2026/10/07 03:19:30.613,7, 99.87, 100, 75511
2026/10/07 03:19:31.934,0, 89.27, 100, 75365
2026/10/07 03:19:31.934,1, 91.89, 100, 75415
2026/10/07 03:19:31.934,2, 284.55, 100, 75415
2026/10/07 03:19:31.934,3, 96.17, 100, 75503
2026/10/07 03:19:31.934,4, 95.05, 100, 75503
2026/10/07 03:19:31.934,5, 93.40, 100, 75503
2026/10/07 03:19:31.934,6, 94.93, 100, 75503
2026/10/07 03:19:31.934,7, 99.87, 100, 75511
2026/10/07 03:19:33.377,0, 89.27, 100, 75365
2026/10/07 03:19:33.377,1, 91.79, 100, 75415
2026/10/07 03:19:33.377,2, 290.69, 100, 75415
2026/10/07 03:19:33.377,3, 95.22, 100, 75503
2026/10/07 03:19:33.377,4, 95.05, 100, 75503
2026/10/07 03:19:33.377,5, 93.40, 100, 75503
2026/10/07 03:19:33.377,6, 94.93, 100, 75503
2026/10/07 03:19:33.377,7, 99.26, 100, 75511
2026/10/07 03:19:34.712,0, 89.27, 100, 75365
2026/10/07 03:19:34.712,1, 91.89, 100, 75415
2026/10/07 03:19:34.712,2, 291.90, 100, 75415
2026/10/07 03:19:34.712,3, 94.95, 100, 75503
2026/10/07 03:19:34.712,4, 95.05, 100, 75503
2026/10/07 03:19:34.712,5, 93.40, 100, 75503
2026/10/07 03:19:34.712,6, 94.93, 100, 75503
2026/10/07 03:19:34.712,7, 99.87, 100, 75511
2026/10/07 03:19:36.049,0, 89.27, 100, 75365
2026/10/07 03:19:36.049,1, 91.79, 100, 75415
2026/10/07 03:19:36.049,2, 292.24, 100, 75415
2026/10/07 03:19:36.049,3, 94.95, 100, 75503
2026/10/07 03:19:36.049,4, 94.71, 100, 75503
2026/10/07 03:19:36.049,5, 93.40, 100, 75503
2026/10/07 03:19:36.049,6, 94.93, 100, 75503
2026/10/07 03:19:36.049,7, 99.87, 100, 75511
2026/10/07 03:19:37.389,0, 89.27, 100, 75365
2026/10/07 03:19:37.389,1, 91.79, 100, 75415
2026/10/07 03:19:37.389,2, 292.85, 100, 75415
2026/10/07 03:19:37.389,3, 94.95, 100, 75503
2026/10/07 03:19:37.389,4, 94.71, 100, 75503
2026/10/07 03:19:37.389,5, 93.40, 100, 75503
2026/10/07 03:19:37.389,6, 94.93, 100, 75503
2026/10/07 03:19:37.389,7, 99.87, 100, 75511
2026/10/07 03:19:38.728,0, 89.27, 100, 75365
2026/10/07 03:19:38.728,1, 91.79, 100, 75415
2026/10/07 03:19:38.728,2, 294.07, 100, 75415
2026/10/07 03:19:38.728,3, 94.95, 100, 75503
2026/10/07 03:19:38.728,4, 94.71, 100, 75503
2026/10/07 03:19:38.728,5, 93.40, 100, 75503
2026/10/07 03:19:38.728,6, 94.93, 100, 75503
2026/10/07 03:19:38.728,7, 98.93, 100, 75511
2026/10/07 03:19:40.066,0, 89.27, 100, 75365
2026/10/07 03:19:40.066,1, 274.27, 98, 75415
2026/10/07 03:19:40.066,2, 99.87, 88, 75503
2026/10/07 03:19:40.066,3, 94.95, 99, 75503
2026/10/07 03:19:40.066,4, 94.71, 100, 75503
2026/10/07 03:19:40.066,5, 93.31, 100, 75503
2026/10/07 03:19:40.066,6, 94.93, 100, 75503
2026/10/07 03:19:40.066,7, 99.87, 100, 75511
2026/10/07 03:19:41.572,0, 89.27, 100, 75365
2026/10/07 03:19:41.572,1, 277.93, 100, 75415
2026/10/07 03:19:41.572,2, 97.05, 100, 75503
2026/10/07 03:19:41.572,3, 94.95, 100, 75503
2026/10/07 03:19:41.572,4, 94.71, 100, 75503
2026/10/07 03:19:41.572,5, 93.40, 100, 75503
2026/10/07 03:19:41.572,6, 94.93, 100, 75503
2026/10/07 03:19:41.572,7, 99.87, 100, 75511
2026/10/07 03:19:42.926,0, 89.27, 100, 75365
2026/10/07 03:19:42.926,1, 279.21, 100, 75415
2026/10/07 03:19:42.926,2, 96.77, 100, 75503
2026/10/07 03:19:42.926,3, 94.95, 100, 75503
2026/10/07 03:19:42.926,4, 94.71, 100, 75503
2026/10/07 03:19:42.926,5, 93.40, 100, 75503
2026/10/07 03:19:42.926,6, 94.93, 100, 75503
2026/10/07 03:19:42.926,7, 99.87, 100, 75511
2026/10/07 03:19:44.273,0, 89.27, 100, 75365
2026/10/07 03:19:44.273,1, 279.21, 100, 75415
2026/10/07 03:19:44.273,2, 96.44, 100, 75503
2026/10/07 03:19:44.273,3, 94.95, 100, 75503
2026/10/07 03:19:44.273,4, 94.71, 100, 75503
2026/10/07 03:19:44.273,5, 93.40, 100, 75503
2026/10/07 03:19:44.273,6, 94.93, 100, 75503
2026/10/07 03:19:44.273,7, 99.87, 100, 75511
2026/10/07 03:19:45.615,0, 89.27, 100, 75365
2026/10/07 03:19:45.615,1, 279.83, 100, 75415
2026/10/07 03:19:45.615,2, 96.44, 100, 75503
2026/10/07 03:19:45.615,3, 94.61, 100, 75503
2026/10/07 03:19:45.615,4, 94.71, 100, 75503
2026/10/07 03:19:45.615,5, 93.40, 100, 75503
2026/10/07 03:19:45.615,6, 94.93, 100, 75503
2026/10/07 03:19:45.615,7, 99.87, 100, 75511
2026/10/07 03:19:46.967,0, 89.27, 100, 75365
2026/10/07 03:19:46.967,1, 279.83, 100, 75415
2026/10/07 03:19:46.967,2, 96.44, 100, 75503
2026/10/07 03:19:46.967,3, 94.61, 100, 75503
2026/10/07 03:19:46.967,4, 94.71, 100, 75503
2026/10/07 03:19:46.967,5, 93.31, 100, 75503
2026/10/07 03:19:46.967,6, 94.93, 100, 75503
2026/10/07 03:19:46.967,7, 98.93, 100, 75511
2026/10/07 03:19:48.313,0, 89.27, 100, 75365
2026/10/07 03:19:48.313,1, 280.71, 100, 75415
2026/10/07 03:19:48.313,2, 96.44, 100, 75503
2026/10/07 03:19:48.313,3, 94.61, 100, 75503
2026/10/07 03:19:48.313,4, 94.71, 100, 75503
2026/10/07 03:19:48.313,5, 93.40, 100, 75503
2026/10/07 03:19:48.313,6, 94.93, 100, 75503
2026/10/07 03:19:48.313,7, 98.93, 100, 75511
2026/10/07 03:19:49.655,0, 276.52, 100, 75365
2026/10/07 03:19:49.655,1, 93.69, 100, 75503
2026/10/07 03:19:49.655,2, 96.44, 100, 75503
2026/10/07 03:19:49.655,3, 94.61, 100, 75503
2026/10/07 03:19:49.655,4, 94.71, 100, 75503
2026/10/07 03:19:49.655,5, 93.40, 100, 75503
2026/10/07 03:19:49.655,6, 94.93, 100, 75503
2026/10/07 03:19:49.655,7, 99.87, 100, 75511
2026/10/07 03:19:50.977,0, 277.47, 100, 75365
2026/10/07 03:19:50.977,1, 93.44, 100, 75503
2026/10/07 03:19:50.977,2, 96.17, 100, 75503
2026/10/07 03:19:50.977,3, 94.61, 100, 75503
2026/10/07 03:19:50.977,4, 94.71, 100, 75503
2026/10/07 03:19:50.977,5, 93.31, 100, 75503
2026/10/07 03:19:50.977,6, 94.93, 100, 75503
2026/10/07 03:19:50.977,7, 99.87, 100, 75511
2026/10/07 03:19:52.318,0, 278.08, 100, 75365
2026/10/07 03:19:52.318,1, 93.35, 100, 75503
2026/10/07 03:19:52.318,2, 96.17, 100, 75503
2026/10/07 03:19:52.318,3, 94.61, 100, 75503
2026/10/07 03:19:52.318,4, 94.71, 100, 75503
2026/10/07 03:19:52.318,5, 93.40, 100, 75503
2026/10/07 03:19:52.318,6, 94.93, 100, 75503
2026/10/07 03:19:52.318,7, 99.87, 100, 75511
2026/10/07 03:19:53.671,0, 278.68, 100, 75365
2026/10/07 03:19:53.671,1, 93.35, 100, 75503
2026/10/07 03:19:53.671,2, 96.17, 100, 75503
2026/10/07 03:19:53.671,3, 94.61, 100, 75503
2026/10/07 03:19:53.671,4, 94.71, 100, 75503
2026/10/07 03:19:53.671,5, 93.40, 100, 75503
2026/10/07 03:19:53.671,6, 94.93, 100, 75503
2026/10/07 03:19:53.671,7, 98.93, 100, 75511
2026/10/07 03:19:55.030,0, 278.41, 100, 75365
2026/10/07 03:19:55.030,1, 93.35, 100, 75503
2026/10/07 03:19:55.030,2, 96.17, 100, 75503
2026/10/07 03:19:55.030,3, 94.61, 100, 75503
2026/10/07 03:19:55.030,4, 94.71, 100, 75503
2026/10/07 03:19:55.030,5, 93.40, 100, 75503
2026/10/07 03:19:55.030,6, 94.93, 100, 75503
2026/10/07 03:19:55.030,7, 99.87, 100, 75511
2026/10/07 03:19:56.345,0, 279.29, 100, 75365
2026/10/07 03:19:56.345,1, 93.44, 100, 75503
2026/10/07 03:19:56.345,2, 96.17, 100, 75503
2026/10/07 03:19:56.345,3, 94.61, 100, 75503
2026/10/07 03:19:56.345,4, 94.71, 100, 75503
2026/10/07 03:19:56.345,5, 93.40, 100, 75503
2026/10/07 03:19:56.345,6, 94.93, 100, 75503
2026/10/07 03:19:56.345,7, 99.26, 100, 75511
2026/10/07 03:19:57.702,0, 85.65, 59, 57433
2026/10/07 03:19:57.702,1, 84.86, 59, 56883
2026/10/07 03:19:57.702,2, 87.90, 59, 56803
2026/10/07 03:19:57.702,3, 84.84, 36, 57463
2026/10/07 03:19:57.702,4, 85.21, 46, 57043
2026/10/07 03:19:57.702,5, 87.20, 68, 55023
2026/10/07 03:19:57.702,6, 86.13, 71, 55343
2026/10/07 03:19:57.702,7, 89.83, 28, 56731
2026/10/07 03:19:59.195,0, 85.65, 47, 24533
2026/10/07 03:19:59.195,1, 86.41, 50, 23903
2026/10/07 03:19:59.195,2, 87.61, 46, 24023
2026/10/07 03:19:59.195,3, 84.84, 49, 24943
2026/10/07 03:19:59.195,4, 85.54, 54, 23603
2026/10/07 03:19:59.195,5, 88.14, 41, 21343
2026/10/07 03:19:59.195,6, 86.13, 39, 22023
2026/10/07 03:19:59.195,7, 90.77, 49, 22771
2026/10/07 03:20:00.627,0, 83.48, 6, 783
2026/10/07 03:20:00.627,1, 85.72, 6, 771
2026/10/07 03:20:00.627,2, 84.51, 5, 771
2026/10/07 03:20:00.627,3, 86.68, 21, 771
2026/10/07 03:20:00.627,4, 86.68, 7, 771
2026/10/07 03:20:00.627,5, 85.65, 7, 771
2026/10/07 03:20:00.627,6, 87.02, 7, 771
2026/10/07 03:20:00.627,7, 90.77, 5, 771
2026/10/07 03:20:01.841,0, 83.48, 0, 4
2026/10/07 03:20:01.841,1, 83.91, 0, 4
2026/10/07 03:20:01.841,2, 84.84, 0, 4
2026/10/07 03:20:01.841,3, 85.13, 10, 4
2026/10/07 03:20:01.841,4, 87.37, 0, 756
2026/10/07 03:20:01.841,5, 88.84, 0, 1
2026/10/07 03:20:01.841,6, 87.35, 10, 1
2026/10/07 03:20:01.841,7, 89.51, 0, 4
